Area;Subarea;Project;Task;Tool;Start date;Start time;End date;End time;Duration
Finance;Finance;Budgeting;Monthly Budgeting;;04.01.2022;11:53:57;04.01.2022;12:09:34;0:15:37
Finance;Finance;Budgeting;Cards Monitoring;;04.01.2022;12:17:58;04.01.2022;12:23:16;0:05:18
Useful Skills;Maintenance;Goal Setting;Goals 2022 Planning;;04.01.2022;12:30:26;04.01.2022;13:28:08;0:57:42
Useful Skills;Maintenance;Goal Setting;Goals 2022 Planning;;04.01.2022;13:38:01;04.01.2022;14:01:38;0:23:37
Useful Skills;Maintenance;Goal Setting;Goals 2022 Planning;;04.01.2022;15:12:13;04.01.2022;16:47:29;1:35:16
Useful Skills;Maintenance;Goal Setting;Goals 2022 Planning;;05.01.2022;15:08:11;05.01.2022;16:24:10;1:15:59
Useful Skills;Maintenance;Goal Setting;Goals 2022 Planning;;05.01.2022;16:38:32;05.01.2022;17:51:34;1:13:02
Career;Career;Coding;Constraints;PostgreSQL;06.01.2022;9:51:11;06.01.2022;10:28:44;0:37:33
Career;Career;Coding;Constraints;PostgreSQL;06.01.2022;10:54:56;06.01.2022;11:09:10;0:14:14
Useful Skills;Tech;Small Islands & Climate Change;Review;;09.01.2022;12:03:05;09.01.2022;13:08:25;1:05:20
Useful Skills;Maintenance;Goal Setting;Planning;;09.01.2022;13:13:32;09.01.2022;13:24:11;0:10:39
Finance;Finance;Budgeting;Cards Monitoring;;09.01.2022;13:24:22;09.01.2022;13:45:12;0:20:50
Useful Skills;Tech;Small Islands & Climate Change;Coding Plan 2022;;09.01.2022;18:27:04;09.01.2022;19:23:44;0:56:40
Useful Skills;Tech;UCS Satellite;Meetup;;09.01.2022;19:30:44;09.01.2022;20:32:37;1:01:53
Career;Career;Coding;Constraints;PostgreSQL;10.01.2022;9:17:18;10.01.2022;9:42:37;0:25:19
Career;Career;Org;Kanban;;10.01.2022;9:48:44;10.01.2022;10:05:36;0:16:52
Health & Fitness;Fitness;Yoga & Workout;Fukudzi;;10.01.2022;10:31:52;10.01.2022;10:50:11;0:18:19
Useful Skills;Maintenance;Goal Setting;Goals 2022 Planning;;10.01.2022;10:55:57;10.01.2022;10:56:39;0:00:42
Useful Skills;Maintenance;Goal Setting;Goals 2022 Planning;;10.01.2022;11:00:30;10.01.2022;11:32:37;0:32:07
Useful Skills;Maintenance;Goal Setting;Goals 2022 Planning;;10.01.2022;11:39:04;10.01.2022;12:39:03;0:59:59
Health & Fitness;Fitness;Yoga & Workout;Abs;;10.01.2022;13:11:51;10.01.2022;13:18:32;0:06:41
Useful Skills;Maintenance;Goal Setting;Goals 2022 Planning;;10.01.2022;13:21:24;10.01.2022;13:26:41;0:05:17
Useful Skills;Tech;Eloquent Javascript;Program Structure;JavaScript;10.01.2022;13:26:50;10.01.2022;13:28:33;0:01:43
Useful Skills;Tech;Eloquent Javascript;Program Structure;JavaScript;10.01.2022;13:39:39;10.01.2022;14:14:30;0:34:51
Career;Career;Design;Meetup;;10.01.2022;15:00:51;10.01.2022;15:28:11;0:27:20
Career;Career;Design;Meetup;;10.01.2022;15:50:47;10.01.2022;16:36:11;0:45:24
Career;Career;Coding;Constraints;PostgreSQL;10.01.2022;17:18:49;10.01.2022;17:48:20;0:29:31
Health & Fitness;Fitness;Yoga & Workout;Stomach Vacuum;;10.01.2022;18:03:30;10.01.2022;18:08:06;0:04:36
Useful Skills;Tech;UCS Satellite;JS_Most Basic Violin Plot in d3.js;JavaScript;10.01.2022;18:21:37;10.01.2022;19:21:15;0:59:38
Useful Skills;Social;English Vocabulary in Use;15;;10.01.2022;19:46:31;10.01.2022;19:57:15;0:10:44
Health & Fitness;Fitness;Yoga & Workout;Stomach Vacuum;;10.01.2022;20:07:15;10.01.2022;20:10:15;0:03:00
Useful Skills;Social;English Vocabulary in Use;15;;10.01.2022;20:11:23;10.01.2022;20:27:40;0:16:17
Useful Skills;Tech;UCS Satellite;JS_Most Basic Violin Plot in d3.js;JavaScript;10.01.2022;20:58:34;10.01.2022;21:08:07;0:09:33
Career;Career;Design;Components;;11.01.2022;9:29:52;11.01.2022;9:55:05;0:25:13
Useful Skills;Tech;UCS Satellite;JS_Most Basic Violin Plot in d3.js;JavaScript;11.01.2022;9:55:06;11.01.2022;10:21:49;0:26:43
Career;Career;Design;Components;;11.01.2022;10:25:57;11.01.2022;11:37:06;1:11:09
Useful Skills;Tech;Eloquent Javascript;Program Structure;JavaScript;11.01.2022;15:05:01;11.01.2022;15:31:59;0:26:58
Useful Skills;Tech;Eloquent Javascript;3. Functions;JavaScript;11.01.2022;15:32:01;11.01.2022;15:34:04;0:02:03
Useful Skills;Tech;Eloquent Javascript;3. Functions;JavaScript;11.01.2022;15:38:57;11.01.2022;15:52:41;0:13:44
Career;Career;Coding;Comments;PostgreSQL;11.01.2022;16:47:40;11.01.2022;17:43:21;0:55:41
Career;Career;Testing;249;;12.01.2022;10:15:56;12.01.2022;10:32:10;0:16:14
Career;Career;Testing;248;;12.01.2022;10:32:38;12.01.2022;10:34:49;0:02:11
Career;Career;Design;Components;;12.01.2022;11:15:18;12.01.2022;12:30:36;1:15:18
Career;Career;Org;Taxes;;12.01.2022;14:54:31;12.01.2022;15:16:41;0:22:10
Career;Career;Design;Components;;12.01.2022;15:16:43;12.01.2022;16:23:50;1:07:07
Useful Skills;Tech;Eloquent Javascript;3. Functions;JavaScript;12.01.2022;18:17:42;12.01.2022;18:35:08;0:17:26
Useful Skills;Tech;Eloquent Javascript;3. Functions;JavaScript;12.01.2022;18:57:25;12.01.2022;19:05:25;0:08:00
Useful Skills;Tech;Math;Numbers;;12.01.2022;23:03:29;13.01.2022;0:09:12;1:05:43
Career;Career;Ops;INT Updating;;13.01.2022;9:19:43;13.01.2022;9:26:56;0:07:13
Career;Career;Testing;247;;13.01.2022;9:30:05;13.01.2022;9:45:10;0:15:05
Career;Career;Testing;249;;13.01.2022;10:07:02;13.01.2022;10:09:32;0:02:30
Useful Skills;Maintenance;Goal Setting;Planning;;13.01.2022;10:31:43;13.01.2022;10:40:49;0:09:06
Career;Career;Coding;Comments;PostgreSQL;13.01.2022;10:41:10;13.01.2022;10:56:09;0:14:59
Career;Career;Design;Meetup;;13.01.2022;10:56:11;13.01.2022;11:06:23;0:10:12
Career;Career;Design;Components;;13.01.2022;11:15:55;13.01.2022;11:36:25;0:20:30
Career;Career;Design;Components;;13.01.2022;11:49:10;13.01.2022;11:55:19;0:06:09
Career;Career;Design;Components;;13.01.2022;12:02:34;13.01.2022;12:06:42;0:04:08
Career;Career;Design;Components;;13.01.2022;12:06:53;13.01.2022;12:27:45;0:20:52
Career;Career;Design;Components;;13.01.2022;12:39:16;13.01.2022;12:43:07;0:03:51
Career;Career;Design;Components;;13.01.2022;13:35:58;13.01.2022;13:48:55;0:12:57
Career;Career;Design;Components;;13.01.2022;14:15:05;13.01.2022;14:18:10;0:03:05
Health & Fitness;Fitness;Yoga & Workout;Abs;;13.01.2022;14:22:58;13.01.2022;14:30:02;0:07:04
Career;Career;Coding;Comments;PostgreSQL;13.01.2022;15:35:50;13.01.2022;16:28:00;0:52:10
Career;Career;Ops;INT Updating;;13.01.2022;17:14:08;13.01.2022;17:20:10;0:06:02
Useful Skills;Maintenance;Goal Setting;Planning;;14.01.2022;10:31:04;14.01.2022;10:31:42;0:00:38
Career;Career;Design;Components;;14.01.2022;10:37:21;14.01.2022;11:39:11;1:01:50
Health & Fitness;Fitness;Yoga & Workout;Fukudzi;;14.01.2022;11:47:08;14.01.2022;12:02:54;0:15:46
Career;Career;Design;Components;;14.01.2022;12:11:43;14.01.2022;12:29:34;0:17:51
Career;Career;Design;Components;;14.01.2022;12:36:46;14.01.2022;13:04:34;0:27:48
Useful Skills;Tech;DataViz for FS;EU_SP;Python;14.01.2022;13:07:53;14.01.2022;13:26:35;0:18:42
Career;Career;Design;Components;;14.01.2022;16:22:34;14.01.2022;16:23:53;0:01:19
Career;Career;Design;Components;;14.01.2022;16:24:19;14.01.2022;16:24:44;0:00:25
Career;Career;Ops;INT Updating;;14.01.2022;16:24:47;14.01.2022;16:41:10;0:16:23
Useful Skills;Tech;DataViz for FS;EU_SP;Python;14.01.2022;16:41:26;14.01.2022;17:22:02;0:40:36
Useful Skills;Tech;UCS Satellite;JS_Most Basic Violin Plot in d3.js;JavaScript;14.01.2022;17:48:44;14.01.2022;18:01:40;0:12:56
Useful Skills;Tech;UCS Satellite;JS_Most Basic Violin Plot in d3.js;JavaScript;14.01.2022;18:02:43;14.01.2022;18:04:56;0:02:13
Useful Skills;Tech;Small Islands & Climate Change;Meetup;;14.01.2022;18:07:29;14.01.2022;19:03:27;0:55:58
Useful Skills;Tech;UCS Satellite;JS_Most Basic Violin Plot in d3.js;JavaScript;14.01.2022;19:29:31;14.01.2022;19:53:45;0:24:14
Useful Skills;Tech;UCS Satellite;JS_Most Basic Violin Plot in d3.js;JavaScript;14.01.2022;20:26:50;14.01.2022;20:55:21;0:28:31
Useful Skills;Social;English Vocabulary in Use. Upper-Intermediate;1;;14.01.2022;21:30:37;14.01.2022;21:48:42;0:18:05
Useful Skills;Social;English Vocabulary in Use. Upper-Intermediate;2;;14.01.2022;21:52:26;14.01.2022;22:15:27;0:23:01
Useful Skills;Tech;Eloquent Javascript;3. Functions;JavaScript;15.01.2022;8:45:16;15.01.2022;9:09:47;0:24:31
Useful Skills;Tech;Eloquent Javascript;3. Functions;JavaScript;15.01.2022;9:42:04;15.01.2022;9:44:19;0:02:15
Useful Skills;Tech;Eloquent Javascript;4. Data Structures: Objects and Arrays;JavaScript;15.01.2022;15:37:15;15.01.2022;15:42:52;0:05:37
Useful Skills;Tech;Eloquent Javascript;4. Data Structures: Objects and Arrays;JavaScript;15.01.2022;16:09:00;15.01.2022;16:15:18;0:06:18
Finance;Finance;Payments;Utilities;;16.01.2022;14:47:27;16.01.2022;14:55:50;0:08:23
Useful Skills;Tech;DataViz for FS;EU_FS;Python;16.01.2022;18:53:27;16.01.2022;19:23:13;0:29:46
Useful Skills;Maintenance;Goal Setting;Goals 2022 Monitoring;;16.01.2022;19:23:36;16.01.2022;19:42:09;0:18:33
Career;Career;Design;Meetup;;17.01.2022;9:32:49;17.01.2022;10:01:01;0:28:12
Health & Fitness;Fitness;Yoga & Workout;Fukudzi;;17.01.2022;10:43:13;17.01.2022;10:58:13;0:15:00
Career;Career;Testing;258;;17.01.2022;11:17:27;17.01.2022;11:22:57;0:05:30
Career;Career;Design;Components;;17.01.2022;11:23:22;17.01.2022;11:37:04;0:13:42
Useful Skills;Maintenance;Goal Setting;Goals 2022 Planning;;17.01.2022;11:40:44;17.01.2022;12:00:53;0:20:09
Fun & Recreation;Fun & Recreation;Travel;Work Abroad;;17.01.2022;12:45:56;17.01.2022;12:59:53;0:13:57
Fun & Recreation;Fun & Recreation;Travel;Work Abroad;;17.01.2022;13:45:30;17.01.2022;14:14:47;0:29:17
Fun & Recreation;Fun & Recreation;Travel;Work Abroad;;17.01.2022;14:19:20;17.01.2022;15:16:58;0:57:38
Fun & Recreation;Fun & Recreation;Travel;Work Abroad;;17.01.2022;15:55:07;17.01.2022;16:14:58;0:19:51
Career;Career;Coding;Comments;PostgreSQL;17.01.2022;16:31:59;17.01.2022;16:45:08;0:13:09
Career;Career;Coding;Comments;PostgreSQL;17.01.2022;16:50:49;17.01.2022;16:57:14;0:06:25
Fun & Recreation;Fun & Recreation;Travel;Work Abroad;;17.01.2022;17:13:13;17.01.2022;17:44:13;0:31:00
Useful Skills;Social;English Vocabulary in Use. Upper-Intermediate;3;;17.01.2022;18:17:50;17.01.2022;18:32:28;0:14:38
Useful Skills;Social;English Vocabulary in Use. Upper-Intermediate;4;;17.01.2022;18:32:30;17.01.2022;18:37:31;0:05:01
Useful Skills;Social;English Vocabulary in Use. Upper-Intermediate;4;;17.01.2022;18:52:44;17.01.2022;19:02:19;0:09:35
Health & Fitness;Fitness;Yoga & Workout;Abs;;17.01.2022;19:33:15;17.01.2022;19:43:52;0:10:37
Career;Career;Ops;INT Updating;;18.01.2022;9:03:03;18.01.2022;9:12:41;0:09:38
Career;Career;Design;Meetup;;18.01.2022;9:23:24;18.01.2022;9:29:37;0:06:13
Career;Career;Design;Components;;18.01.2022;9:37:37;18.01.2022;9:55:53;0:18:16
Career;Career;Design;Components;;18.01.2022;10:14:07;18.01.2022;10:29:23;0:15:16
Career;Career;Testing;252;;18.01.2022;10:29:28;18.01.2022;10:36:16;0:06:48
Career;Career;Testing;247;;18.01.2022;10:36:18;18.01.2022;10:43:58;0:07:40
Useful Skills;Tech;UCS Satellite;JS_Most Basic Violin Plot in d3.js;JavaScript;18.01.2022;10:50:11;18.01.2022;11:07:26;0:17:15
Useful Skills;Tech;UCS Satellite;JS_Most Basic Violin Plot in d3.js;JavaScript;18.01.2022;11:10:51;18.01.2022;11:21:36;0:10:45
Career;Career;Ops;INT Updating;;18.01.2022;12:04:12;18.01.2022;12:12:12;0:08:00
Career;Career;Design;Components;;18.01.2022;13:08:15;18.01.2022;13:11:56;0:03:41
Career;Career;Testing;253;;18.01.2022;13:12:03;18.01.2022;13:13:03;0:01:00
Career;Career;Testing;259;;18.01.2022;13:14:45;18.01.2022;13:16:24;0:01:39
Useful Skills;Tech;Eloquent Javascript;4. Data Structures: Objects and Arrays;JavaScript;18.01.2022;15:30:04;18.01.2022;15:37:22;0:07:18
Career;Career;Ops;INT Updating;;18.01.2022;16:40:15;18.01.2022;16:48:27;0:08:12
Fun & Recreation;Fun & Recreation;Travel;Work Abroad;;18.01.2022;17:34:35;18.01.2022;17:55:12;0:20:37
Career;Career;Coding;Comments;PostgreSQL;18.01.2022;18:18:51;18.01.2022;18:31:51;0:13:00
Career;Career;Ops;INT Updating;;18.01.2022;18:31:54;18.01.2022;18:43:11;0:11:17
Career;Career;Coding;Comments;PostgreSQL;18.01.2022;18:47:49;18.01.2022;18:56:22;0:08:33
Finance;Finance;Budgeting;Cards Monitoring;;18.01.2022;18:58:43;18.01.2022;19:03:56;0:05:13
Useful Skills;Tech;Eloquent Javascript;4. Data Structures: Objects and Arrays;JavaScript;18.01.2022;21:30:31;18.01.2022;21:44:20;0:13:49
Career;Career;Ops;INT Updating;;19.01.2022;9:08:51;19.01.2022;9:16:15;0:07:24
Career;Career;Design;Meetup;;19.01.2022;9:54:51;19.01.2022;10:15:40;0:20:49
Career;Career;Testing;250;;19.01.2022;10:15:45;19.01.2022;10:22:56;0:07:11
Career;Career;Testing;257;;19.01.2022;10:22:58;19.01.2022;10:27:10;0:04:12
Career;Career;Testing;242;;19.01.2022;10:27:18;19.01.2022;10:30:53;0:03:35
Career;Career;Testing;258;;19.01.2022;10:31:03;19.01.2022;10:31:39;0:00:36
Career;Career;Testing;254;;19.01.2022;10:31:43;19.01.2022;11:06:59;0:35:16
Career;Career;Testing;260;;19.01.2022;11:07:01;19.01.2022;11:08:58;0:01:57
Career;Career;Testing;261;;19.01.2022;11:09:17;19.01.2022;11:10:49;0:01:32
Fun & Recreation;Fun & Recreation;Travel;Work Abroad;;19.01.2022;11:22:58;19.01.2022;11:37:39;0:14:41
Fun & Recreation;Fun & Recreation;Travel;Work Abroad;;19.01.2022;11:51:40;19.01.2022;12:46:24;0:54:44
Fun & Recreation;Fun & Recreation;Travel;Work Abroad;;19.01.2022;12:46:52;19.01.2022;13:05:52;0:19:00
Career;Career;Coding;Comments;PostgreSQL;19.01.2022;15:26:43;19.01.2022;15:32:06;0:05:23
Career;Career;Coding;Comments;PostgreSQL;19.01.2022;15:39:25;19.01.2022;16:23:17;0:43:52
Career;Career;Coding;Comments;PostgreSQL;19.01.2022;16:52:46;19.01.2022;17:01:28;0:08:42
Career;Career;Coding;Comments;PostgreSQL;19.01.2022;17:30:07;19.01.2022;17:44:30;0:14:23
Useful Skills;Tech;UCS Satellite;JS_Most Basic Violin Plot in d3.js;JavaScript;19.01.2022;17:48:03;19.01.2022;18:08:22;0:20:19
Health & Fitness;Fitness;Yoga & Workout;Abs;;19.01.2022;18:17:59;19.01.2022;18:24:55;0:06:56
Useful Skills;Social;English Vocabulary in Use. Upper-Intermediate;5;;19.01.2022;18:27:42;19.01.2022;18:42:24;0:14:42
Career;Career;Ops;INT Updating;;20.01.2022;9:03:13;20.01.2022;9:10:06;0:06:53
Finance;Finance;Budgeting;Cards Monitoring;;20.01.2022;9:11:21;20.01.2022;9:26:36;0:15:15
Career;Career;Testing;254;;20.01.2022;10:34:48;20.01.2022;10:45:22;0:10:34
Career;Career;Ops;INT Updating;;20.01.2022;10:45:24;20.01.2022;10:57:56;0:12:32
Career;Career;Testing;254;;20.01.2022;10:58:00;20.01.2022;11:06:47;0:08:47
Career;Career;Ops;Gen;;20.01.2022;11:29:24;20.01.2022;11:33:31;0:04:07
Career;Career;Ops;Gen;;20.01.2022;11:34:57;20.01.2022;11:40:52;0:05:55
Career;Career;Ops;Gen;;20.01.2022;11:55:19;20.01.2022;12:42:17;0:46:58
Career;Career;Ops;Gen;;20.01.2022;12:51:47;20.01.2022;13:01:17;0:09:30
Career;Career;Ops;Gen;;20.01.2022;13:31:42;20.01.2022;13:42:43;0:11:01
Career;Career;Ops;Gen;;20.01.2022;13:42:44;20.01.2022;13:48:14;0:05:30
Career;Career;Ops;Gen;;20.01.2022;14:19:39;20.01.2022;15:35:23;1:15:44
Career;Career;Ops;Gen;;20.01.2022;15:40:45;20.01.2022;16:01:58;0:21:13
Finance;Finance;Payments;Utilities;;20.01.2022;16:03:01;20.01.2022;16:12:16;0:09:15
Useful Skills;Tech;DataViz for FS;Meetup;;20.01.2022;17:03:24;20.01.2022;17:23:58;0:20:34
Useful Skills;Tech;Small Islands & Climate Change;Review;;20.01.2022;17:32:19;20.01.2022;17:44:16;0:11:57
Career;Career;Testing;264;;21.01.2022;9:49:48;21.01.2022;9:53:38;0:03:50
Career;Career;Testing;261;;21.01.2022;9:53:40;21.01.2022;9:57:15;0:03:35
Career;Career;Testing;251;;21.01.2022;9:57:17;21.01.2022;9:58:11;0:00:54
Career;Career;Testing;262;;21.01.2022;9:58:12;21.01.2022;10:01:58;0:03:46
Career;Career;Testing;263;;21.01.2022;10:01:59;21.01.2022;10:03:13;0:01:14
Useful Skills;Maintenance;Computer;Google Photo;;21.01.2022;10:22:02;21.01.2022;10:48:13;0:26:11
Career;Career;Coding;Comments;PostgreSQL;21.01.2022;10:49:18;21.01.2022;10:59:15;0:09:57
Career;Career;Coding;Comments;PostgreSQL;21.01.2022;11:46:23;21.01.2022;11:53:33;0:07:10
Career;Career;Coding;Comments;PostgreSQL;21.01.2022;12:37:15;21.01.2022;13:26:48;0:49:33
Career;Career;Ops;INT Updating;;21.01.2022;13:27:26;21.01.2022;13:35:50;0:08:24
Career;Career;Coding;Comments;PostgreSQL;21.01.2022;13:35:52;21.01.2022;14:18:07;0:42:15
Health & Fitness;Fitness;Yoga & Workout;Abs;;21.01.2022;14:41:40;21.01.2022;15:00:47;0:19:07
Career;Career;Coding;Comments;PostgreSQL;21.01.2022;15:36:04;21.01.2022;16:07:18;0:31:14
Career;Career;Ops;INT Updating;;21.01.2022;16:07:34;21.01.2022;16:14:45;0:07:11
Useful Skills;Tech;Small Islands & Climate Change;Review;;21.01.2022;16:20:53;21.01.2022;16:25:58;0:05:05
Useful Skills;Maintenance;Computer;Google Photo;;21.01.2022;16:29:44;21.01.2022;16:47:36;0:17:52
Finance;Finance;Budgeting;Monthly Budgeting;;21.01.2022;16:55:14;21.01.2022;17:05:05;0:09:51
Useful Skills;Social;English Vocabulary in Use. Upper-Intermediate;6;;21.01.2022;17:15:21;21.01.2022;17:39:03;0:23:42
Career;Career;Coding;Comments;PostgreSQL;21.01.2022;17:41:46;21.01.2022;18:46:37;1:04:51
Useful Skills;Social;English Vocabulary in Use. Upper-Intermediate;7;;21.01.2022;18:58:37;21.01.2022;19:21:58;0:23:21
Useful Skills;Social;English Vocabulary in Use. Upper-Intermediate;8;;23.01.2022;15:07:35;23.01.2022;15:19:54;0:12:19
Career;Career;Ops;INT Updating;;24.01.2022;10:11:14;24.01.2022;10:19:54;0:08:40
Career;Career;Coding;Comments;PostgreSQL;24.01.2022;10:20:07;24.01.2022;10:34:56;0:14:49
Career;Career;Testing;261;;24.01.2022;10:35:00;24.01.2022;10:53:03;0:18:03
Career;Career;Ops;INT Updating;;24.01.2022;10:53:04;24.01.2022;11:04:01;0:10:57
Career;Career;Design;Components;;24.01.2022;12:39:21;24.01.2022;12:42:38;0:03:17
Career;Career;Design;Components_shm+ptl;;24.01.2022;12:57:58;24.01.2022;13:27:22;0:29:24
Career;Career;Design;Components_pln;;24.01.2022;13:30:08;24.01.2022;14:02:36;0:32:28
Career;Career;Design;Components_pln;;24.01.2022;15:03:57;24.01.2022;15:43:54;0:39:57
Career;Career;Design;Components_pln;;24.01.2022;16:25:02;24.01.2022;16:27:47;0:02:45
Career;Career;Design;Components_elem;;24.01.2022;16:33:21;24.01.2022;16:52:55;0:19:34
Career;Career;Design;Components_asrt;;24.01.2022;16:54:39;24.01.2022;16:56:36;0:01:57
Career;Career;Design;Components_asrt;;24.01.2022;17:10:12;24.01.2022;17:23:03;0:12:51
Finance;Finance;Budgeting;Cards Monitoring;;24.01.2022;17:37:17;24.01.2022;17:46:40;0:09:23
Career;Career;Design;Components_data;;24.01.2022;18:38:38;24.01.2022;18:53:39;0:15:01
Useful Skills;Maintenance;Goal Setting;Goals 2022 Monitoring;;24.01.2022;19:08:12;24.01.2022;19:14:05;0:05:53
Finance;Finance;Payments;Utilities;;24.01.2022;19:22:09;24.01.2022;19:41:33;0:19:24
Career;Career;Ops;INT Updating;;25.01.2022;10:06:42;25.01.2022;10:14:03;0:07:21
Career;Career;Design;Components_fp;;25.01.2022;10:15:24;25.01.2022;10:49:17;0:33:53
Career;Career;Design;Components_fp;;25.01.2022;11:00:21;25.01.2022;11:00:43;0:00:22
Career;Career;Testing;264;;25.01.2022;11:05:34;25.01.2022;11:06:29;0:00:55
Career;Career;Coding;Comments;PostgreSQL;25.01.2022;11:08:09;25.01.2022;11:38:48;0:30:39
Career;Career;Coding;Comments;PostgreSQL;25.01.2022;11:49:26;25.01.2022;11:59:20;0:09:54
Useful Skills;Tech;Eloquent Javascript;4. Data Structures: Objects and Arrays;JavaScript;25.01.2022;14:13:39;25.01.2022;14:42:59;0:29:20
Useful Skills;Tech;Eloquent Javascript;2. Program Structure_Ex;JavaScript;25.01.2022;14:51:33;25.01.2022;14:55:03;0:03:30
Useful Skills;Tech;Eloquent Javascript;2. Program Structure_Ex;JavaScript;25.01.2022;17:46:13;25.01.2022;18:03:27;0:17:14
Career;Career;Org;Salary;;26.01.2022;9:17:41;26.01.2022;9:22:46;0:05:05
Useful Skills;Tech;Eloquent Javascript;2. Program Structure_Ex;JavaScript;26.01.2022;10:11:05;26.01.2022;10:48:23;0:37:18
Useful Skills;Tech;Eloquent Javascript;2. Program Structure_Ex;JavaScript;26.01.2022;11:09:37;26.01.2022;11:17:00;0:07:23
Useful Skills;Tech;Eloquent Javascript;3. Functions_Ex;JavaScript;26.01.2022;11:33:14;26.01.2022;11:46:22;0:13:08
Finance;Finance;Budgeting;Monthly Budgeting;;26.01.2022;12:18:34;26.01.2022;12:22:53;0:04:19
Useful Skills;Tech;Eloquent Javascript;4. Data Structures: Objects and Arrays;JavaScript;26.01.2022;12:32:52;26.01.2022;12:45:08;0:12:16
Career;Career;Ops;INT Updating;;26.01.2022;17:37:42;26.01.2022;17:39:24;0:01:42
Useful Skills;Tech;Eloquent Javascript;4. Data Structures: Objects and Arrays;JavaScript;26.01.2022;18:37:36;26.01.2022;19:08:50;0:31:14
Useful Skills;Social;English Vocabulary in Use. Upper-Intermediate;9;;26.01.2022;19:17:45;26.01.2022;19:21:33;0:03:48
Useful Skills;Social;English Vocabulary in Use. Upper-Intermediate;9;;26.01.2022;19:23:25;26.01.2022;19:43:49;0:20:24
Useful Skills;Tech;Eloquent Javascript;4. Data Structures: Objects and Arrays_Ex;JavaScript;27.01.2022;9:12:38;27.01.2022;10:09:40;0:57:02
Useful Skills;Tech;Eloquent Javascript;4. Data Structures: Objects and Arrays_Ex;JavaScript;27.01.2022;12:26:27;27.01.2022;13:03:41;0:37:14
Useful Skills;Tech;Eloquent Javascript;4. Data Structures: Objects and Arrays_Ex;JavaScript;27.01.2022;15:14:48;27.01.2022;15:22:43;0:07:55
Useful Skills;Tech;Eloquent Javascript;VS Code Debugger;JavaScript;27.01.2022;15:31:03;27.01.2022;15:36:24;0:05:21
Career;Career;Ops;INT Updating;;27.01.2022;15:39:33;27.01.2022;15:46:01;0:06:28
Career;Career;Testing;273;;27.01.2022;15:46:04;27.01.2022;16:26:23;0:40:19
Useful Skills;Tech;Eloquent Javascript;VS Code Debugger;JavaScript;27.01.2022;16:36:24;27.01.2022;16:39:33;0:03:09
Career;Career;Testing;275;;27.01.2022;17:15:20;27.01.2022;17:18:14;0:02:54
Useful Skills;Tech;Eloquent Javascript;4. Data Structures: Objects and Arrays_Ex;JavaScript;27.01.2022;17:19:11;27.01.2022;17:44:21;0:25:10
Useful Skills;Tech;Eloquent Javascript;4. Data Structures: Objects and Arrays_Ex;JavaScript;27.01.2022;17:48:34;27.01.2022;17:59:05;0:10:31
Useful Skills;Tech;Small Islands & Climate Change;Meetup;;27.01.2022;18:03:11;27.01.2022;18:38:17;0:35:06
Career;Career;Design;Meetup;;28.01.2022;10:08:33;28.01.2022;10:54:10;0:45:37
Career;Career;Design;Equipment;;28.01.2022;11:10:30;28.01.2022;11:49:31;0:39:01
Career;Career;Testing;273;;28.01.2022;12:04:14;28.01.2022;12:20:07;0:15:53
Career;Career;Testing;273;;28.01.2022;13:00:21;28.01.2022;13:16:50;0:16:29
Career;Career;Testing;273;;28.01.2022;13:26:52;28.01.2022;13:32:04;0:05:12
Career;Career;Design;Equipment;;28.01.2022;13:32:05;28.01.2022;13:45:23;0:13:18
Career;Career;Testing;273;;28.01.2022;13:45:25;28.01.2022;13:50:21;0:04:56
Career;Career;Design;Equipment;;28.01.2022;15:33:55;28.01.2022;16:11:42;0:37:47
Career;Career;Testing;273;;28.01.2022;16:11:55;28.01.2022;16:20:40;0:08:45
Career;Career;Testing;278;;28.01.2022;16:21:12;28.01.2022;16:22:08;0:00:56
Career;Career;Testing;279;;28.01.2022;16:22:42;28.01.2022;16:28:19;0:05:37
Career;Career;Design;Equipment;;28.01.2022;16:28:28;28.01.2022;16:53:36;0:25:08
Career;Career;Ops;INT Updating;;28.01.2022;16:53:38;28.01.2022;16:58:47;0:05:09
Career;Career;Design;Equipment;;28.01.2022;16:58:48;28.01.2022;17:35:30;0:36:42
Career;Career;Testing;280;;28.01.2022;18:47:29;28.01.2022;18:50:37;0:03:08
Career;Career;Testing;273;;28.01.2022;18:50:41;28.01.2022;19:03:23;0:12:42
Useful Skills;Maintenance;Goal Setting;Planning;;31.01.2022;8:48:25;31.01.2022;9:00:35;0:12:10
Career;Career;Testing;283;;31.01.2022;9:07:34;31.01.2022;9:11:16;0:03:42
Career;Career;Testing;281;;31.01.2022;9:11:18;31.01.2022;9:12:48;0:01:30
Career;Career;Testing;251;;31.01.2022;9:12:52;31.01.2022;9:13:46;0:00:54
Career;Career;Testing;276;;31.01.2022;9:14:05;31.01.2022;9:20:57;0:06:52
Career;Career;Testing;260;;31.01.2022;9:21:00;31.01.2022;9:21:24;0:00:24
Career;Career;Org;YouTrack;;31.01.2022;9:22:34;31.01.2022;9:28:54;0:06:20
Career;Career;Coding;Constraints;PostgreSQL;31.01.2022;9:30:53;31.01.2022;9:41:26;0:10:33
Career;Career;Design;Meetup;;31.01.2022;9:43:27;31.01.2022;10:47:39;1:04:12
Career;Career;Testing;276;;31.01.2022;11:20:20;31.01.2022;11:24:48;0:04:28
Useful Skills;Maintenance;Goal Setting;Goals 2022 Monitoring;;31.01.2022;11:28:50;31.01.2022;12:40:34;1:11:44
Career;Career;Coding;Components_SQL;PostgreSQL;31.01.2022;12:46:48;31.01.2022;13:07:25;0:20:37
Career;Career;Coding;Components_SQL;PostgreSQL;31.01.2022;14:11:00;31.01.2022;15:28:11;1:17:11
Career;Career;Coding;Components_SQL;PostgreSQL;31.01.2022;15:54:12;31.01.2022;16:09:10;0:14:58
Finance;Finance;Budgeting;Monthly Budgeting;;31.01.2022;16:25:02;31.01.2022;16:38:15;0:13:13
Finance;Finance;Budgeting;Monthly Budgeting;;31.01.2022;16:46:56;31.01.2022;17:09:31;0:22:35
Career;Career;Coding;Components_SQL;PostgreSQL;31.01.2022;17:10:18;31.01.2022;17:40:35;0:30:17
Useful Skills;Tech;Eloquent Javascript;4. Data Structures: Objects and Arrays_Ex;JavaScript;31.01.2022;17:44:54;31.01.2022;18:32:57;0:48:03
Useful Skills;Tech;Eloquent Javascript;4. Data Structures: Objects and Arrays_Ex;JavaScript;31.01.2022;19:32:00;31.01.2022;19:40:20;0:08:20
Useful Skills;Tech;Eloquent Javascript;4. Data Structures: Objects and Arrays_Ex;JavaScript;31.01.2022;19:40:41;31.01.2022;20:24:22;0:43:41
Career;Career;Design;Meetup;;01.02.2022;9:30:35;01.02.2022;9:39:10;0:08:35
Career;Career;Coding;Comments;PostgreSQL;01.02.2022;10:03:37;01.02.2022;10:15:56;0:12:19
Career;Career;Coding;Comments;PostgreSQL;01.02.2022;10:15:27;01.02.2022;10:28:33;0:13:06
Career;Career;Ops;Assortment_Upd;;01.02.2022;12:00:29;01.02.2022;12:35:21;0:34:52
Career;Career;Design;Equipment_Upd;;01.02.2022;12:37:42;01.02.2022;12:39:04;0:01:22
Useful Skills;Maintenance;Goal Setting;Goals 2022 Graphs;;01.02.2022;12:39:09;01.02.2022;13:28:44;0:49:35
Career;Career;Design;Equipment_Upd;;01.02.2022;14:28:37;01.02.2022;15:53:12;1:24:35
Useful Skills;Tech;Small Islands & Climate Change;Review;;01.02.2022;18:59:49;01.02.2022;19:05:58;0:06:09
Career;Career;Ops;INT Updating;;02.02.2022;9:14:36;02.02.2022;9:22:22;0:07:46
Career;Career;Testing;286;;02.02.2022;9:37:47;02.02.2022;9:47:14;0:09:27
Career;Career;Testing;284;;02.02.2022;9:47:36;02.02.2022;9:58:10;0:10:34
Career;Career;Testing;284;;02.02.2022;10:09:00;02.02.2022;10:16:12;0:07:12
Career;Career;Testing;284;;02.02.2022;10:17:04;02.02.2022;10:22:01;0:04:57
Career;Career;Ops;INT Updating;;02.02.2022;10:22:16;02.02.2022;10:24:26;0:02:10
Career;Career;Ops;INT Updating;;02.02.2022;10:28:22;02.02.2022;10:32:41;0:04:19
Career;Career;Testing;284;;02.02.2022;10:32:48;02.02.2022;10:38:18;0:05:30
Finance;Finance;Budgeting;Cards Monitoring;;02.02.2022;11:30:35;02.02.2022;12:53:08;1:22:33
Career;Career;Testing;282;;02.02.2022;12:55:15;02.02.2022;12:59:45;0:04:30
Career;Career;Testing;286;;02.02.2022;12:59:53;02.02.2022;13:07:01;0:07:08
Career;Career;Testing;283;;02.02.2022;14:04:23;02.02.2022;14:08:10;0:03:47
Career;Career;Testing;276;;02.02.2022;14:08:19;02.02.2022;14:10:01;0:01:42
Career;Career;Testing;212;;02.02.2022;16:27:13;02.02.2022;16:43:50;0:16:37
Finance;Finance;Budgeting;Cards Monitoring;;02.02.2022;16:55:52;02.02.2022;17:10:25;0:14:33
Career;Career;Coding;Bug Fixing;PostgreSQL;02.02.2022;17:31:04;02.02.2022;18:09:47;0:38:43
Useful Skills;Tech;Small Islands & Climate Change;Review;;03.02.2022;8:44:12;03.02.2022;8:53:03;0:08:51
Career;Career;Ops;INT Updating;;03.02.2022;9:06:32;03.02.2022;9:15:59;0:09:27
Career;Career;Testing;286;;03.02.2022;9:16:14;03.02.2022;9:35:31;0:19:17
Career;Career;Testing;284;;03.02.2022;9:38:08;03.02.2022;9:41:45;0:03:37
Career;Career;Testing;284;;03.02.2022;9:56:49;03.02.2022;10:00:01;0:03:12
Career;Career;Testing;284;;03.02.2022;10:06:17;03.02.2022;10:18:39;0:12:22
Career;Career;Coding;Constraints;PostgreSQL;03.02.2022;10:37:08;03.02.2022;10:41:27;0:04:19
Career;Career;Coding;Constraints;PostgreSQL;03.02.2022;10:55:24;03.02.2022;11:05:45;0:10:21
Useful Skills;Tech;Math;Numbers;;03.02.2022;11:19:39;03.02.2022;11:55:52;0:36:13
Career;Career;Design;Meetup;;03.02.2022;12:01:14;03.02.2022;12:09:18;0:08:04
Useful Skills;Tech;Math;Numbers;;03.02.2022;12:33:00;03.02.2022;12:34:24;0:01:24
Career;Career;Design;Administration Redesign;;03.02.2022;13:19:45;03.02.2022;14:01:13;0:41:28
Career;Career;Design;Administration Redesign;;03.02.2022;14:22:42;03.02.2022;14:41:52;0:19:10
Useful Skills;Tech;Math;Numbers;;03.02.2022;14:46:52;03.02.2022;16:20:13;1:33:21
Career;Career;Design;Meetup;;04.02.2022;10:32:30;04.02.2022;10:52:38;0:20:08
Career;Career;Ops;INT Updating;;04.02.2022;10:52:50;04.02.2022;11:01:25;0:08:35
Career;Career;Design;Planograms;;04.02.2022;11:01:31;04.02.2022;11:12:36;0:11:05
Career;Career;Design;Planograms;;04.02.2022;11:17:54;04.02.2022;11:35:51;0:17:57
Career;Career;Design;Planograms;;04.02.2022;11:47:40;04.02.2022;12:00:09;0:12:29
Career;Career;Design;Planograms;;04.02.2022;12:04:59;04.02.2022;12:08:33;0:03:34
Career;Career;Design;Planograms;;04.02.2022;12:24:09;04.02.2022;12:27:30;0:03:21
Career;Career;Design;Planograms;;04.02.2022;12:31:13;04.02.2022;12:41:09;0:09:56
Useful Skills;Tech;Small Islands & Climate Change;Review;;04.02.2022;12:42:07;04.02.2022;12:58:47;0:16:40
Career;Career;Design;Planograms;;04.02.2022;13:01:48;04.02.2022;13:11:17;0:09:29
Useful Skills;Maintenance;Goal Setting;Goals 2022 Graphs;;04.02.2022;13:28:13;04.02.2022;13:36:08;0:07:55
Career;Career;Design;Planograms;;04.02.2022;14:15:43;04.02.2022;14:43:48;0:28:05
Useful Skills;Tech;DataViz for FS;Colors Palette;Python;04.02.2022;15:46:23;04.02.2022;16:40:42;0:54:19
Useful Skills;Tech;DataViz for FS;Protocol Testing;Python;04.02.2022;16:49:32;04.02.2022;17:04:02;0:14:30
Career;Career;Testing;286;;04.02.2022;17:05:51;04.02.2022;17:35:38;0:29:47
Useful Skills;Tech;Eloquent Javascript;4. Data Structures: Objects and Arrays_Ex;JavaScript;04.02.2022;18:01:34;04.02.2022;18:28:12;0:26:38
Useful Skills;Social;English Vocabulary in Use. Upper-Intermediate;8;;04.02.2022;18:31:07;04.02.2022;19:03:25;0:32:18
Useful Skills;Tech;Eloquent Javascript;4. Data Structures: Objects and Arrays_Ex;JavaScript;04.02.2022;19:33:37;04.02.2022;20:12:47;0:39:10
Career;Career;Ops;INT Updating;;07.02.2022;9:08:35;07.02.2022;9:17:11;0:08:36
Career;Career;Testing;284;;07.02.2022;10:15:27;07.02.2022;10:16:42;0:01:15
Career;Career;Coding;Constraints;PostgreSQL;07.02.2022;10:27:19;07.02.2022;10:45:26;0:18:07
Fun & Recreation;Fun & Recreation;Travel;Dominicana;;07.02.2022;12:10:24;07.02.2022;13:17:32;1:07:08
Useful Skills;Maintenance;Goal Setting;Goals 2022 Monitoring;;07.02.2022;14:02:16;07.02.2022;14:23:39;0:21:23
Useful Skills;Tech;Eloquent Javascript;5. Higher-order Functions;JavaScript;07.02.2022;15:29:35;07.02.2022;16:12:21;0:42:46
Useful Skills;Social;English Vocabulary in Use. Upper-Intermediate;10;;07.02.2022;16:49:27;07.02.2022;17:11:10;0:21:43
Useful Skills;Tech;Eloquent Javascript;5. Higher-order Functions;JavaScript;07.02.2022;17:13:57;07.02.2022;17:15:58;0:02:01
Useful Skills;Tech;Eloquent Javascript;VS Code Debugger;JavaScript;07.02.2022;17:16:04;07.02.2022;17:37:17;0:21:13
Useful Skills;Tech;Eloquent Javascript;5. Higher-order Functions;JavaScript;07.02.2022;17:49:19;07.02.2022;18:04:03;0:14:44
Useful Skills;Tech;Eloquent Javascript;VS Code Debugger;JavaScript;07.02.2022;18:16:13;07.02.2022;18:24:53;0:08:40
Useful Skills;Tech;Eloquent Javascript;5. Higher-order Functions_Ex;JavaScript;07.02.2022;18:34:25;07.02.2022;19:06:27;0:32:02
Useful Skills;Tech;Eloquent Javascript;5. Higher-order Functions_Ex;JavaScript;07.02.2022;19:15:38;07.02.2022;19:27:07;0:11:29
Career;Career;Ops;INT Updating;;08.02.2022;9:00:08;08.02.2022;9:08:47;0:08:39
Career;Career;Testing;286;;08.02.2022;9:41:30;08.02.2022;9:43:29;0:01:59
Career;Career;Testing;287;;08.02.2022;9:43:40;08.02.2022;9:45:42;0:02:02
Finance;Finance;Budgeting;Cards Monitoring;;08.02.2022;11:09:50;08.02.2022;11:14:14;0:04:24
Useful Skills;Tech;Eloquent Javascript;5. Higher-order Functions_Ex;JavaScript;08.02.2022;11:29:18;08.02.2022;11:32:45;0:03:27
Useful Skills;Tech;Eloquent Javascript;5. Higher-order Functions_Ex;JavaScript;08.02.2022;11:40:41;08.02.2022;12:01:50;0:21:09
Useful Skills;Tech;Eloquent Javascript;5. Higher-order Functions_Ex;JavaScript;08.02.2022;12:08:54;08.02.2022;12:10:05;0:01:11
Useful Skills;Tech;Eloquent Javascript;5. Higher-order Functions_Ex;JavaScript;08.02.2022;12:10:27;08.02.2022;12:16:36;0:06:09
Useful Skills;Maintenance;Goal Setting;Goals 2022 Graphs;;08.02.2022;12:24:54;08.02.2022;13:13:32;0:48:38
Career;Career;Coding;Constraints;PostgreSQL;08.02.2022;15:21:39;08.02.2022;15:24:34;0:02:55
Useful Skills;Tech;Eloquent Javascript;5. Higher-order Functions_Ex;JavaScript;08.02.2022;15:42:35;08.02.2022;16:19:42;0:37:07
Fun & Recreation;Fun & Recreation;Travel;Tour&Tickets;;09.02.2022;7:58:41;09.02.2022;8:20:34;0:21:53
Useful Skills;Tech;DataViz for FS;Protocol Testing;Python;09.02.2022;8:22:45;09.02.2022;8:31:21;0:08:36
Useful Skills;Tech;DataViz for FS;Protocol Testing;Python;09.02.2022;9:24:18;09.02.2022;9:26:30;0:02:12
Useful Skills;Social;English Vocabulary in Use. Upper-Intermediate;11;;09.02.2022;9:26:38;09.02.2022;9:49:47;0:23:09
Useful Skills;Maintenance;Goal Setting;Goals 2022 Graphs;;09.02.2022;10:43:37;09.02.2022;11:23:02;0:39:25
Fun & Recreation;Fun & Recreation;Travel;Tour&Tickets;;09.02.2022;11:31:27;09.02.2022;11:52:50;0:21:23
Useful Skills;Tech;Math;Numbers;;09.02.2022;11:59:19;09.02.2022;12:38:43;0:39:24
Fun & Recreation;Fun & Recreation;Travel;Tour&Tickets;;09.02.2022;13:08:49;09.02.2022;13:29:11;0:20:22
Useful Skills;Tech;DataViz for FS;Meetup;;09.02.2022;13:31:24;09.02.2022;14:32:01;1:00:37
Fun & Recreation;Fun & Recreation;Travel;Tour&Tickets;;09.02.2022;16:09:43;09.02.2022;16:23:46;0:14:03
Useful Skills;Tech;Math;Numbers;;09.02.2022;16:28:28;09.02.2022;17:40:26;1:11:58
Career;Career;Ops;INT Updating;;10.02.2022;10:44:44;10.02.2022;10:53:16;0:08:32
Career;Career;Coding;Comments;PostgreSQL;10.02.2022;14:23:30;10.02.2022;14:34:08;0:10:38
Career;Career;Testing;285;;10.02.2022;14:37:18;10.02.2022;14:40:40;0:03:22
Career;Career;Coding;Comments;PostgreSQL;10.02.2022;15:19:47;10.02.2022;15:43:19;0:23:32
Useful Skills;Tech;Eloquent Javascript;5. Higher-order Functions_Ex;JavaScript;10.02.2022;16:35:25;10.02.2022;17:05:25;0:30:00
Useful Skills;Tech;Eloquent Javascript;Ex_schoolsw3;JavaScript;10.02.2022;18:16:20;10.02.2022;19:38:51;1:22:31
Career;Career;Design;Meetup;;11.02.2022;10:37:57;11.02.2022;11:24:40;0:46:43
Career;Career;Ops;INT Updating;;11.02.2022;11:25:10;11.02.2022;11:34:10;0:09:00
Career;Career;Org;Salary;;11.02.2022;12:24:57;11.02.2022;14:40:31;2:15:34
Career;Career;Coding;GitHub;;11.02.2022;16:30:16;11.02.2022;16:38:21;0:08:05
Career;Career;Ops;INT Updating;;11.02.2022;16:52:39;11.02.2022;17:02:17;0:09:38
Career;Career;Coding;GitHub;;11.02.2022;17:58:21;11.02.2022;18:12:43;0:14:22
Career;Career;Coding;GitHub;;11.02.2022;19:38:46;11.02.2022;19:45:04;0:06:18
Finance;Finance;Income Increase;Realty Monitoring;;12.02.2022;8:10:30;12.02.2022;8:29:14;0:18:44
Useful Skills;Social;English Vocabulary in Use. Upper-Intermediate;12;;12.02.2022;9:43:36;12.02.2022;10:04:55;0:21:19
Useful Skills;Tech;DataViz for FS;Meetup;;13.02.2022;19:14:24;13.02.2022;19:36:23;0:21:59
Career;Career;Coding;Multilanguage;PostgreSQL;14.02.2022;9:30:58;14.02.2022;9:39:09;0:08:11
Career;Career;Coding;Multilanguage;PostgreSQL;14.02.2022;9:54:10;14.02.2022;10:08:31;0:14:21
Career;Career;Ops;INT Updating;;14.02.2022;10:18:56;14.02.2022;10:43:11;0:24:15
Career;Career;Coding;Multilanguage;PostgreSQL;14.02.2022;10:44:51;14.02.2022;10:50:38;0:05:47
Career;Career;Coding;GitHub;;14.02.2022;10:53:32;14.02.2022;10:56:24;0:02:52
Career;Career;Coding;Multilanguage;PostgreSQL;14.02.2022;11:52:01;14.02.2022;12:43:48;0:51:47
Career;Career;Coding;Multilanguage;PostgreSQL;14.02.2022;12:49:40;14.02.2022;13:20:55;0:31:15
Career;Career;Org;Salary;;14.02.2022;13:22:49;14.02.2022;13:27:50;0:05:01
Career;Career;Org;Taxes;;14.02.2022;13:28:14;14.02.2022;13:32:09;0:03:55
Career;Career;Ops;INT Updating;;14.02.2022;14:34:25;14.02.2022;14:43:12;0:08:47
Useful Skills;Maintenance;Goal Setting;Planning;;14.02.2022;15:21:59;14.02.2022;15:44:01;0:22:02
Finance;Finance;Income Increase;Realty Contract;;14.02.2022;15:57:21;14.02.2022;16:04:34;0:07:13
Useful Skills;Maintenance;Goal Setting;Goals 2022 Monitoring;;14.02.2022;16:13:43;14.02.2022;16:18:09;0:04:26
Useful Skills;Maintenance;Goal Setting;Goals 2022 Monitoring;;14.02.2022;16:31:22;14.02.2022;16:41:52;0:10:30
Useful Skills;Social;English Vocabulary in Use. Upper-Intermediate;13;;14.02.2022;16:45:22;14.02.2022;17:15:28;0:30:06
Useful Skills;Tech;Eloquent Javascript;6. The Secret Life of Objects;JavaScript;14.02.2022;17:17:36;14.02.2022;17:29:11;0:11:35
Useful Skills;Tech;Eloquent Javascript;6. The Secret Life of Objects;JavaScript;14.02.2022;17:30:21;14.02.2022;17:40:52;0:10:31
Health & Fitness;Fitness;Yoga & Workout;Abs;;14.02.2022;17:39:32;14.02.2022;17:58:52;0:19:20
Career;Career;Coding;Multilanguage;PostgreSQL;14.02.2022;18:06:46;14.02.2022;18:10:59;0:04:13
Career;Career;Coding;Constraints;PostgreSQL;14.02.2022;18:16:55;14.02.2022;18:19:06;0:02:11
Useful Skills;Tech;Eloquent Javascript;Ex_Sort;JavaScript;14.02.2022;21:55:44;14.02.2022;22:55:51;1:00:07
Career;Career;Coding;Multilanguage;PostgreSQL;15.02.2022;9:51:10;15.02.2022;10:10:04;0:18:54
Finance;Finance;Stock Market;Buy Shares;;15.02.2022;10:00:07;15.02.2022;10:26:14;0:26:07
Career;Career;Coding;Multilanguage;PostgreSQL;15.02.2022;10:48:16;15.02.2022;11:23:47;0:35:31
Useful Skills;Tech;Eloquent Javascript;Ex_Excel Col to Array;JavaScript;15.02.2022;11:24:19;15.02.2022;11:30:08;0:05:49
Useful Skills;Tech;Eloquent Javascript;VS Code JS-Debugger;JavaScript;15.02.2022;11:30:13;15.02.2022;11:44:42;0:14:29
Useful Skills;Tech;Eloquent Javascript;VS Code JS-Debugger;JavaScript;15.02.2022;12:25:43;15.02.2022;13:28:58;1:03:15
Finance;Finance;Budgeting;Cards Monitoring;;15.02.2022;14:43:38;15.02.2022;15:00:42;0:17:04
Useful Skills;Tech;Eloquent Javascript;Ex_schoolsw3;JavaScript;15.02.2022;15:13:25;15.02.2022;16:13:41;1:00:16
Useful Skills;Tech;DataViz for FS;VS Code Env;Python;16.02.2022;6:56:05;16.02.2022;7:24:22;0:28:17
Career;Career;Coding;Multilanguage;PostgreSQL;16.02.2022;7:24:27;16.02.2022;7:40:00;0:15:33
Career;Career;Coding;Multilanguage;PostgreSQL;16.02.2022;8:25:33;16.02.2022;9:17:05;0:51:32
Career;Career;Coding;Multilanguage;PostgreSQL;16.02.2022;9:24:38;16.02.2022;10:02:14;0:37:36
Career;Career;Ops;INT Updating;;16.02.2022;10:45:35;16.02.2022;10:52:39;0:07:04
Useful Skills;Tech;Small Islands & Climate Change;climate.gov;;16.02.2022;10:52:42;16.02.2022;11:15:46;0:23:04
Useful Skills;Tech;Small Islands & Climate Change;climate.gov;;16.02.2022;11:49:00;16.02.2022;11:52:58;0:03:58
Useful Skills;Tech;Small Islands & Climate Change;climate.gov;;16.02.2022;11:53:18;16.02.2022;12:30:55;0:37:37
Useful Skills;Tech;Small Islands & Climate Change;climate.gov;;16.02.2022;12:37:15;16.02.2022;13:03:51;0:26:36
Useful Skills;Tech;Small Islands & Climate Change;data.noaa.gov;;16.02.2022;13:03:54;16.02.2022;13:15:29;0:11:35
Useful Skills;Tech;Small Islands & Climate Change;data.noaa.gov;;16.02.2022;13:18:25;16.02.2022;13:31:34;0:13:09
Finance;Finance;Payments;Utilities;;16.02.2022;14:12:59;16.02.2022;14:18:40;0:05:41
Career;Career;Coding;Multilanguage;PostgreSQL;16.02.2022;15:40:35;16.02.2022;15:42:39;0:02:04
Useful Skills;Tech;Math;Numbers;;16.02.2022;15:48:34;16.02.2022;15:49:17;0:00:43
Career;Career;Coding;Multilanguage;PostgreSQL;16.02.2022;15:49:28;16.02.2022;15:51:24;0:01:56
Useful Skills;Tech;Math;Numbers;;16.02.2022;15:53:37;16.02.2022;15:55:07;0:01:30
Useful Skills;Tech;Math;Numbers;;16.02.2022;15:55:39;16.02.2022;16:01:45;0:06:06
Career;Career;Coding;Multilanguage;PostgreSQL;16.02.2022;16:01:47;16.02.2022;17:20:39;1:18:52
Useful Skills;Tech;Math;Numbers;;16.02.2022;17:20:27;16.02.2022;17:40:01;0:19:34
Useful Skills;Tech;Math;Numbers;;16.02.2022;17:45:25;16.02.2022;18:47:17;1:01:52
Career;Career;Coding;Multilanguage;PostgreSQL;17.02.2022;6:46:09;17.02.2022;7:47:13;1:01:04
Career;Career;Coding;Multilanguage;PostgreSQL;17.02.2022;8:12:32;17.02.2022;8:19:51;0:07:19
Career;Career;Coding;Multilanguage;PostgreSQL;17.02.2022;8:20:37;17.02.2022;8:24:05;0:03:28
Useful Skills;Social;English Vocabulary in Use. Upper-Intermediate;14;;17.02.2022;9:17:21;17.02.2022;9:39:47;0:22:26
Career;Career;Ops;INT Updating;;17.02.2022;9:49:00;17.02.2022;9:59:48;0:10:48
Finance;Finance;Budgeting;Monthly Budgeting;;17.02.2022;13:15:35;17.02.2022;13:24:38;0:09:03
Career;Career;Coding;Multilanguage;PostgreSQL;18.02.2022;10:39:24;18.02.2022;11:13:24;0:34:00
Career;Career;Design;Meetup;;18.02.2022;11:21:48;18.02.2022;11:30:22;0:08:34
Career;Career;Coding;Component's Testing;;18.02.2022;11:34:08;18.02.2022;11:39:59;0:05:51
Career;Career;Design;Meetup;;18.02.2022;12:17:05;18.02.2022;12:43:37;0:26:32
Career;Career;Coding;Installation;;18.02.2022;13:55:28;18.02.2022;14:41:28;0:46:00
Career;Career;Coding;Installation;;18.02.2022;14:43:42;18.02.2022;14:57:04;0:13:22
Career;Career;Coding;Installation;;18.02.2022;16:00:09;18.02.2022;16:48:07;0:47:58
Career;Career;Coding;Installation;;18.02.2022;20:01:50;18.02.2022;20:06:51;0:05:01
Useful Skills;Maintenance;Goal Setting;Planning;;20.02.2022;11:17:35;20.02.2022;11:19:15;0:01:40
Useful Skills;Maintenance;Goal Setting;Planning;;20.02.2022;11:31:27;20.02.2022;11:43:36;0:12:09
Useful Skills;Tech;Small Islands & Climate Change;uncclearn;;20.02.2022;12:10:13;20.02.2022;12:40:47;0:30:34
Useful Skills;Tech;Small Islands & Climate Change;ipcc;;20.02.2022;12:40:48;20.02.2022;12:45:24;0:04:36
Useful Skills;Social;English Vocabulary in Use. Upper-Intermediate;15;;20.02.2022;12:55:02;20.02.2022;12:57:11;0:02:09
Useful Skills;Social;English Vocabulary in Use. Upper-Intermediate;15;;20.02.2022;13:00:20;20.02.2022;13:14:25;0:14:05
Useful Skills;Tech;JavaScript Algorithms and Data Structures;Basic JavaScript;JavaScript;20.02.2022;16:46:02;20.02.2022;16:47:28;0:01:26
Useful Skills;Tech;JavaScript Algorithms and Data Structures;Basic JavaScript;JavaScript;20.02.2022;16:54:00;20.02.2022;16:59:27;0:05:27
Useful Skills;Tech;JavaScript Algorithms and Data Structures;Basic JavaScript;JavaScript;20.02.2022;17:30:10;20.02.2022;17:56:02;0:25:52
Health & Fitness;Fitness;Yoga & Workout;Abs;;20.02.2022;18:06:34;20.02.2022;18:27:14;0:20:40
Career;Career;Ops;Backup&Restore;PostgreSQL;21.02.2022;10:05:47;21.02.2022;11:17:28;1:11:41
Useful Skills;Maintenance;Shopping;Computer Mouse;;21.02.2022;11:45:29;21.02.2022;12:09:44;0:24:15
Useful Skills;Maintenance;Goal Setting;Goals 2022 Monitoring;;21.02.2022;12:10:01;21.02.2022;12:34:45;0:24:44
Career;Career;Ops;Backup&Restore;PostgreSQL;21.02.2022;12:40:37;21.02.2022;12:43:54;0:03:17
Useful Skills;Tech;JavaScript Algorithms and Data Structures;Basic JavaScript;JavaScript;21.02.2022;13:01:01;21.02.2022;13:15:49;0:14:48
Health & Fitness;Fitness;Yoga & Workout;Arms;;21.02.2022;13:19:20;21.02.2022;13:37:07;0:17:47
Useful Skills;Tech;JavaScript Algorithms and Data Structures;Basic JavaScript;JavaScript;21.02.2022;13:38:32;21.02.2022;14:27:02;0:48:30
Finance;Finance;Stock Market;Shares Monitoring;;21.02.2022;14:43:37;21.02.2022;14:52:08;0:08:31
Useful Skills;Social;English Vocabulary in Use. Upper-Intermediate;15;;21.02.2022;15:44:03;21.02.2022;16:06:19;0:22:16
Useful Skills;Tech;JavaScript Algorithms and Data Structures;Basic JavaScript;JavaScript;21.02.2022;16:08:38;21.02.2022;16:16:59;0:08:21
Useful Skills;Tech;JavaScript Algorithms and Data Structures;Basic JavaScript;JavaScript;21.02.2022;16:28:09;21.02.2022;16:39:13;0:11:04
Useful Skills;Tech;JavaScript Algorithms and Data Structures;Basic JavaScript;JavaScript;21.02.2022;16:45:30;21.02.2022;16:59:05;0:13:35
Finance;Finance;Stock Market;Sell Shares;;21.02.2022;18:56:06;21.02.2022;19:05:06;0:09:00
Career;Career;Coding;Env;PostgreSQL;22.02.2022;9:20:13;22.02.2022;9:33:05;0:12:52
Finance;Finance;Stock Market;Shares Monitoring;;22.02.2022;10:02:04;22.02.2022;10:16:20;0:14:16
Finance;Finance;Stock Market;Sell Shares;;22.02.2022;10:26:04;22.02.2022;10:30:30;0:04:26
Finance;Finance;Budgeting;Cards Monitoring;;22.02.2022;11:03:51;22.02.2022;11:13:10;0:09:19
Finance;Finance;Stock Market;Sell Shares;;22.02.2022;11:14:02;22.02.2022;11:17:06;0:03:04
Career;Career;Design;Meetup;;22.02.2022;11:50:59;22.02.2022;12:35:21;0:44:22
Useful Skills;Tech;JavaScript Algorithms and Data Structures;Basic JavaScript;JavaScript;22.02.2022;12:36:17;22.02.2022;12:39:24;0:03:07
Useful Skills;Tech;JavaScript Algorithms and Data Structures;Basic JavaScript;JavaScript;22.02.2022;12:41:51;22.02.2022;13:01:49;0:19:58
Useful Skills;Tech;JavaScript Algorithms and Data Structures;Basic JavaScript;JavaScript;22.02.2022;13:03:43;22.02.2022;13:13:30;0:09:47
Health & Fitness;Fitness;Yoga & Workout;Legs;;22.02.2022;13:28:11;22.02.2022;13:48:03;0:19:52
Career;Career;Coding;Env;PostgreSQL;22.02.2022;16:28:05;22.02.2022;16:36:29;0:08:24
Career;Career;Coding;Env;PostgreSQL;22.02.2022;16:44:06;22.02.2022;16:52:51;0:08:45
Useful Skills;Tech;JavaScript Algorithms and Data Structures;Basic JavaScript;JavaScript;22.02.2022;16:53:13;22.02.2022;17:17:33;0:24:20
Useful Skills;Tech;JavaScript Algorithms and Data Structures;Basic JavaScript;JavaScript;22.02.2022;17:25:57;22.02.2022;17:59:57;0:34:00
Finance;Finance;Payments;Utilities;;22.02.2022;18:03:17;22.02.2022;18:55:06;0:51:49
Career;Career;Coding;Env;PostgreSQL;23.02.2022;17:58:17;23.02.2022;18:16:47;0:18:30
Useful Skills;Tech;Eloquent Javascript;VS Code JS-Debugger;JavaScript;23.02.2022;18:16:51;23.02.2022;18:34:56;0:18:05
Career;Career;Coding;Env;PostgreSQL;23.02.2022;18:35:19;23.02.2022;18:36:41;0:01:22
Useful Skills;Tech;Eloquent Javascript;VS Code JS-Debugger;JavaScript;23.02.2022;18:36:43;23.02.2022;18:52:53;0:16:10
Career;Career;Coding;Env;PostgreSQL;23.02.2022;18:54:45;23.02.2022;19:30:41;0:35:56
Finance;Finance;Payments;Utilities;;24.02.2022;10:30:56;24.02.2022;10:43:35;0:12:39
Career;Career;Ops;INT Updating;;24.02.2022;11:04:55;24.02.2022;11:15:24;0:10:29
Useful Skills;Art;Drawing;Alfiya's Portrait;Illustrator;24.02.2022;16:06:02;24.02.2022;16:29:14;0:23:12
Useful Skills;Art;Drawing;Alfiya's Portrait;Illustrator;25.02.2022;9:33:18;25.02.2022;9:48:15;0:14:57
Useful Skills;Art;Drawing;Alfiya's Portrait;Illustrator;25.02.2022;9:48:54;25.02.2022;9:51:46;0:02:52
Career;Career;Design;Meetup;;25.02.2022;9:51:50;25.02.2022;9:54:22;0:02:32
Career;Career;Testing;271;;25.02.2022;11:25:26;25.02.2022;11:36:16;0:10:50
Useful Skills;Art;Drawing;Alfiya's Portrait;Illustrator;25.02.2022;14:30:11;25.02.2022;15:06:41;0:36:30
Career;Career;Coding;Env;PostgreSQL;26.02.2022;11:09:15;26.02.2022;11:37:14;0:27:59
Useful Skills;Tech;JavaScript Algorithms and Data Structures;Basic JavaScript;JavaScript;26.02.2022;12:05:37;26.02.2022;12:09:11;0:03:34
Useful Skills;Tech;JavaScript Algorithms and Data Structures;Basic JavaScript;JavaScript;26.02.2022;12:10:01;26.02.2022;12:13:55;0:03:54
Useful Skills;Tech;JavaScript Algorithms and Data Structures;Basic JavaScript;JavaScript;26.02.2022;12:16:27;26.02.2022;13:16:58;1:00:31
Useful Skills;Tech;JavaScript Algorithms and Data Structures;Basic JavaScript;JavaScript;26.02.2022;13:17:34;26.02.2022;13:22:46;0:05:12
Useful Skills;Tech;JavaScript Algorithms and Data Structures;Basic JavaScript;JavaScript;26.02.2022;13:25:35;26.02.2022;13:52:59;0:27:24
Useful Skills;Tech;JavaScript Algorithms and Data Structures;Basic JavaScript;JavaScript;26.02.2022;14:21:31;26.02.2022;14:54:21;0:32:50
Useful Skills;Tech;JavaScript Algorithms and Data Structures;Basic JavaScript;JavaScript;27.02.2022;15:40:42;27.02.2022;16:03:12;0:22:30
Useful Skills;Tech;JavaScript Algorithms and Data Structures;Basic JavaScript;JavaScript;27.02.2022;16:14:01;27.02.2022;16:34:54;0:20:53
Useful Skills;Tech;JavaScript Algorithms and Data Structures;Basic JavaScript;JavaScript;27.02.2022;18:25:40;27.02.2022;18:44:06;0:18:26
Useful Skills;Tech;Small Islands & Climate Change;Review;;27.02.2022;18:56:44;27.02.2022;19:07:16;0:10:32
Useful Skills;Tech;JavaScript Algorithms and Data Structures;Basic JavaScript;JavaScript;27.02.2022;19:09:42;27.02.2022;19:27:12;0:17:30
Useful Skills;Tech;Small Islands & Climate Change;Meetup;;27.02.2022;19:27:13;27.02.2022;20:20:40;0:53:27
Useful Skills;Tech;JavaScript Algorithms and Data Structures;Basic JavaScript;JavaScript;27.02.2022;20:24:02;27.02.2022;20:56:13;0:32:11
Useful Skills;Maintenance;Goal Setting;Goals 2022 Monitoring;;28.02.2022;9:55:55;28.02.2022;10:48:38;0:52:43
Useful Skills;Maintenance;Goal Setting;Goals 2022 Monitoring;;28.02.2022;10:53:29;28.02.2022;11:06:56;0:13:27
Finance;Finance;Stock Market;Sell Shares;;28.02.2022;11:22:02;28.02.2022;11:42:15;0:20:13
Finance;Finance;Stock Market;Buy Shares;;28.02.2022;11:42:16;28.02.2022;12:48:04;1:05:48
Finance;Finance;Budgeting;Monthly Budgeting;;28.02.2022;13:16:02;28.02.2022;13:16:11;0:00:09
Finance;Finance;Budgeting;Monthly Budgeting;;28.02.2022;13:16:25;28.02.2022;13:35:37;0:19:12
Useful Skills;Tech;JavaScript Algorithms and Data Structures;ES6;JavaScript;28.02.2022;13:40:02;28.02.2022;14:16:32;0:36:30
Health & Fitness;Fitness;Yoga & Workout;Arms;;28.02.2022;14:26:25;28.02.2022;14:43:22;0:16:57
Useful Skills;Tech;JavaScript Algorithms and Data Structures;ES6;JavaScript;28.02.2022;15:46:37;28.02.2022;16:02:17;0:15:40
Useful Skills;Tech;JavaScript Algorithms and Data Structures;ES6;JavaScript;28.02.2022;16:03:03;28.02.2022;16:06:47;0:03:44
Useful Skills;Tech;JavaScript Algorithms and Data Structures;ES6;JavaScript;28.02.2022;16:27:57;28.02.2022;16:33:03;0:05:06
Useful Skills;Tech;JavaScript Algorithms and Data Structures;ES6;JavaScript;28.02.2022;18:09:25;28.02.2022;18:17:36;0:08:11
Useful Skills;Tech;JavaScript Algorithms and Data Structures;ES6;JavaScript;28.02.2022;18:32:38;28.02.2022;19:05:25;0:32:47
Useful Skills;Tech;JavaScript Algorithms and Data Structures;ES6;JavaScript;28.02.2022;19:08:14;28.02.2022;19:18:42;0:10:28
Useful Skills;Maintenance;Computer;Google Photo;;28.02.2022;19:20:05;28.02.2022;19:57:38;0:37:33
Useful Skills;Maintenance;Goal Setting;Planning;;01.03.2022;10:16:09;01.03.2022;10:17:50;0:01:41
Finance;Finance;Budgeting;Monthly Budgeting;;01.03.2022;10:18:02;01.03.2022;10:33:13;0:15:11
Career;Career;Design;Meetup;;01.03.2022;10:44:58;01.03.2022;11:01:59;0:17:01
Career;Career;Coding;Env;PostgreSQL;01.03.2022;11:02:51;01.03.2022;11:15:44;0:12:53
Career;Career;Coding;Env;PostgreSQL;01.03.2022;11:30:13;01.03.2022;12:16:13;0:46:00
Finance;Finance;Budgeting;Monthly Budgeting;;01.03.2022;12:18:45;01.03.2022;12:47:46;0:29:01
Useful Skills;Maintenance;Computer;Google Photo;;01.03.2022;15:14:26;01.03.2022;15:40:10;0:25:44
Useful Skills;Maintenance;Computer;Google Photo;;01.03.2022;15:46:14;01.03.2022;15:59:13;0:12:59
Useful Skills;Tech;JavaScript Algorithms and Data Structures;ES6;JavaScript;01.03.2022;16:44:48;01.03.2022;16:47:35;0:02:47
Useful Skills;Tech;JavaScript Algorithms and Data Structures;ES6;JavaScript;01.03.2022;17:04:11;01.03.2022;17:51:35;0:47:24
Useful Skills;Tech;JavaScript Algorithms and Data Structures;ES6;JavaScript;01.03.2022;17:57:58;01.03.2022;18:35:25;0:37:27
Useful Skills;Tech;JavaScript Algorithms and Data Structures;ES6;JavaScript;01.03.2022;18:42:47;01.03.2022;18:56:28;0:13:41
Career;Career;Coding;Env;PostgreSQL;02.03.2022;13:00:25;02.03.2022;16:57:40;3:57:15
Career;Career;Coding;Multilanguage;PostgreSQL;03.03.2022;18:36:56;03.03.2022;19:08:43;0:31:47
Career;Career;Coding;Multilanguage;PostgreSQL;03.03.2022;19:56:08;03.03.2022;20:00:49;0:04:41
Useful Skills;Art;Drawing;Alfiya's Portrait;Illustrator;03.03.2022;20:10:08;03.03.2022;20:45:01;0:34:53
Career;Career;Coding;Multilanguage;PostgreSQL;04.03.2022;10:55:50;04.03.2022;11:32:46;0:36:56
Career;Career;Coding;Multilanguage;PostgreSQL;04.03.2022;11:33:10;04.03.2022;12:10:12;0:37:02
Career;Career;Coding;Multilanguage;PostgreSQL;04.03.2022;12:47:22;04.03.2022;14:07:30;1:20:08
Career;Career;Coding;Multilanguage;PostgreSQL;04.03.2022;14:53:54;04.03.2022;15:07:49;0:13:55
Career;Career;Coding;Multilanguage;PostgreSQL;04.03.2022;15:11:28;04.03.2022;15:46:56;0:35:28
Career;Career;Coding;Multilanguage;PostgreSQL;04.03.2022;16:18:01;04.03.2022;16:49:06;0:31:05
Useful Skills;Tech;JavaScript Algorithms and Data Structures;ES6;JavaScript;04.03.2022;16:51:51;04.03.2022;17:51:30;0:59:39
Useful Skills;Tech;JavaScript Algorithms and Data Structures;ES6;JavaScript;05.03.2022;7:14:40;05.03.2022;7:25:27;0:10:47
Useful Skills;Tech;JavaScript Algorithms and Data Structures;ES6;JavaScript;05.03.2022;8:30:49;05.03.2022;8:34:55;0:04:06
Useful Skills;Tech;JavaScript Algorithms and Data Structures;ES6;JavaScript;05.03.2022;8:35:49;05.03.2022;8:58:20;0:22:31
Useful Skills;Tech;Stock Market;DB Structure Plan;PostgreSQL;05.03.2022;9:05:36;05.03.2022;9:39:18;0:33:42
Career;Career;Coding;Multilanguage;PostgreSQL;05.03.2022;10:17:09;05.03.2022;10:30:45;0:13:36
Career;Career;Coding;Multilanguage;PostgreSQL;05.03.2022;10:37:25;05.03.2022;10:54:16;0:16:51
Career;Career;Coding;Multilanguage;PostgreSQL;05.03.2022;11:27:26;05.03.2022;11:36:57;0:09:31
Career;Career;Coding;Multilanguage;PostgreSQL;05.03.2022;11:42:00;05.03.2022;11:45:12;0:03:12
Career;Career;Coding;Multilanguage;PostgreSQL;05.03.2022;11:53:17;05.03.2022;12:06:33;0:13:16
Career;Career;Coding;Multilanguage;PostgreSQL;05.03.2022;12:14:39;05.03.2022;12:55:45;0:41:06
Career;Career;Coding;Multilanguage;PostgreSQL;05.03.2022;13:00:04;05.03.2022;13:44:13;0:44:09
Career;Career;Coding;Multilanguage;PostgreSQL;05.03.2022;14:42:23;05.03.2022;15:35:01;0:52:38
Career;Career;Coding;Env;PostgreSQL;05.03.2022;15:36:47;05.03.2022;15:50:17;0:13:30
Career;Career;Coding;Multilanguage;PostgreSQL;05.03.2022;15:50:21;05.03.2022;16:36:11;0:45:50
Useful Skills;Tech;JavaScript Algorithms and Data Structures;ES6;JavaScript;05.03.2022;17:47:13;05.03.2022;18:09:17;0:22:04
Useful Skills;Tech;Stock Market;Build DB;PostgreSQL;05.03.2022;18:28:15;05.03.2022;19:02:25;0:34:10
Useful Skills;Tech;Stock Market;Build DB;PostgreSQL;06.03.2022;9:09:57;06.03.2022;10:56:38;1:46:41
Useful Skills;Tech;Stock Market;Build DB;PostgreSQL;06.03.2022;12:30:39;06.03.2022;12:56:15;0:25:36
Useful Skills;Tech;Stock Market;Build DB;PostgreSQL;06.03.2022;12:59:40;06.03.2022;14:11:14;1:11:34
Useful Skills;Tech;Stock Market;Build DB;PostgreSQL;06.03.2022;14:36:11;06.03.2022;14:43:20;0:07:09
Useful Skills;Social;English Vocabulary in Use. Upper-Intermediate;17;;06.03.2022;15:23:08;06.03.2022;15:44:57;0:21:49
Useful Skills;Social;English Vocabulary in Use. Upper-Intermediate;18;;06.03.2022;16:01:47;06.03.2022;16:27:26;0:25:39
Useful Skills;Social;English Vocabulary in Use. Upper-Intermediate;19;;06.03.2022;17:41:46;06.03.2022;17:43:50;0:02:04
Useful Skills;Social;English Vocabulary in Use. Upper-Intermediate;19;;06.03.2022;17:44:33;06.03.2022;18:00:06;0:15:33
Useful Skills;Maintenance;Computer;Google Photo;;06.03.2022;19:28:05;06.03.2022;21:04:19;1:36:14
Useful Skills;Maintenance;Goal Setting;Goals 2022 Monitoring;;08.03.2022;7:44:48;08.03.2022;7:50:31;0:05:43
Useful Skills;Maintenance;Goal Setting;Goals 2022 Monitoring;;08.03.2022;8:16:01;08.03.2022;8:23:39;0:07:38
Useful Skills;Maintenance;Computer;Google Photo;;08.03.2022;8:24:14;08.03.2022;8:33:50;0:09:36
Useful Skills;Maintenance;Computer;Google Photo;;08.03.2022;8:51:50;08.03.2022;8:55:32;0:03:42
Useful Skills;Tech;Math;Numbers;;08.03.2022;8:58:49;08.03.2022;9:24:48;0:25:59
Useful Skills;Tech;Math;Numbers;;08.03.2022;9:28:13;08.03.2022;9:33:54;0:05:41
Useful Skills;Tech;JavaScript Algorithms and Data Structures;Regular Expressions;Regular Expressions;08.03.2022;11:05:36;08.03.2022;11:43:49;0:38:13
Useful Skills;Social;English Vocabulary in Use. Upper-Intermediate;20;;08.03.2022;11:45:37;08.03.2022;12:04:04;0:18:27
Useful Skills;Tech;Math;Numbers;;08.03.2022;12:14:25;08.03.2022;12:39:44;0:25:19
Useful Skills;Maintenance;Computer;Google Photo;;08.03.2022;12:44:18;08.03.2022;12:46:35;0:02:17
Useful Skills;Tech;Math;Numbers;;08.03.2022;12:56:06;08.03.2022;13:17:58;0:21:52
Useful Skills;Maintenance;Computer;Google Photo;;08.03.2022;13:48:54;08.03.2022;14:00:00;0:11:06
Career;Career;Coding;GitHub;PostgreSQL;09.03.2022;11:10:49;09.03.2022;12:21:35;1:10:46
Useful Skills;Social;English Vocabulary in Use. Upper-Intermediate;21;;09.03.2022;15:49:51;09.03.2022;15:54:11;0:04:20
Useful Skills;Social;English Vocabulary in Use. Upper-Intermediate;21;;09.03.2022;15:57:59;09.03.2022;16:06:50;0:08:51
Useful Skills;Maintenance;Computer;Google Photo;;09.03.2022;16:12:10;09.03.2022;16:36:43;0:24:33
Finance;Finance;Budgeting;Cards Monitoring;;10.03.2022;10:05:24;10.03.2022;10:12:56;0:07:32
Career;Career;Coding;GitHub;PostgreSQL;10.03.2022;11:01:32;10.03.2022;12:54:46;1:53:14
Health & Fitness;Fitness;Yoga & Workout;Arms;;10.03.2022;13:08:51;10.03.2022;13:28:33;0:19:42
Useful Skills;Tech;Blog;GitHub;GitHub;10.03.2022;14:12:22;10.03.2022;14:21:37;0:09:15
Finance;Finance;Budgeting;Cards Monitoring;;10.03.2022;16:00:30;10.03.2022;16:26:02;0:25:32
Finance;Finance;Budgeting;Monthly Budgeting;;10.03.2022;16:26:10;10.03.2022;16:29:28;0:03:18
Useful Skills;Tech;Blog;GitHub;GitHub;10.03.2022;16:41:35;10.03.2022;18:13:18;1:31:43
Useful Skills;Tech;JavaScript Algorithms and Data Structures;Regular Expressions;Regular Expressions;10.03.2022;18:17:54;10.03.2022;18:59:25;0:41:31
Useful Skills;Tech;JavaScript Algorithms and Data Structures;Regular Expressions;Regular Expressions;10.03.2022;19:05:25;10.03.2022;19:51:17;0:45:52
Career;Career;Org;Salary;;11.03.2022;9:08:25;11.03.2022;9:25:49;0:17:24
Health & Fitness;Fitness;Yoga & Workout;Workout;;11.03.2022;10:09:32;11.03.2022;10:19:16;0:09:44
Career;Career;Coding;Multilanguage;PostgreSQL;11.03.2022;14:53:51;11.03.2022;15:11:15;0:17:24
Career;Career;Coding;Multilanguage;PostgreSQL;11.03.2022;15:26:51;11.03.2022;16:05:51;0:39:00
Career;Career;Coding;Multilanguage;PostgreSQL;11.03.2022;16:54:19;11.03.2022;17:06:02;0:11:43
Career;Career;Coding;Multilanguage;PostgreSQL;11.03.2022;17:07:14;11.03.2022;17:33:42;0:26:28
Career;Career;Coding;Multilanguage;PostgreSQL;11.03.2022;17:41:13;11.03.2022;17:48:14;0:07:01
Useful Skills;Tech;Stock Market;PyQt 5;PyQt 5;11.03.2022;17:57:26;11.03.2022;18:04:43;0:07:17
Useful Skills;Tech;Stock Market;PyQt 5;PyQt 5;11.03.2022;18:44:02;11.03.2022;18:57:04;0:13:02
Health & Fitness;Fitness;Yoga & Workout;Abs;;11.03.2022;18:57:05;11.03.2022;19:11:27;0:14:22
Useful Skills;Maintenance;Goal Setting;Planning;;13.03.2022;11:49:04;13.03.2022;11:51:49;0:02:45
Useful Skills;Tech;JavaScript Algorithms and Data Structures;Regular Expressions;Regular Expressions;13.03.2022;11:58:07;13.03.2022;12:48:51;0:50:44
Useful Skills;Tech;JavaScript Algorithms and Data Structures;Regular Expressions;Regular Expressions;13.03.2022;13:59:18;13.03.2022;14:03:33;0:04:15
Useful Skills;Tech;JavaScript Algorithms and Data Structures;Regular Expressions;Regular Expressions;13.03.2022;14:13:35;13.03.2022;14:28:10;0:14:35
Useful Skills;Tech;JavaScript Algorithms and Data Structures;Regular Expressions;Regular Expressions;13.03.2022;14:28:59;13.03.2022;14:49:55;0:20:56
Useful Skills;Social;English Vocabulary in Use. Upper-Intermediate;22;;13.03.2022;14:50:31;13.03.2022;15:17:01;0:26:30
Useful Skills;Maintenance;Goal Setting;Goals 2022 Monitoring;;14.03.2022;9:48:10;14.03.2022;10:04:20;0:16:10
Useful Skills;Maintenance;Goal Setting;Goals 2022 Monitoring;;14.03.2022;10:25:19;14.03.2022;10:27:19;0:02:00
Health & Fitness;Fitness;Yoga & Workout;Workout;;14.03.2022;10:27:49;14.03.2022;10:41:19;0:13:30
Useful Skills;Maintenance;Goal Setting;Goals 2022 Monitoring;;14.03.2022;10:41:56;14.03.2022;10:52:17;0:10:21
Career;Career;Coding;Multilanguage;PostgreSQL;14.03.2022;11:22:42;14.03.2022;12:03:34;0:40:52
Career;Career;Coding;Multilanguage;PostgreSQL;14.03.2022;12:55:16;14.03.2022;13:25:48;0:30:32
Useful Skills;Tech;JavaScript Algorithms and Data Structures;Debugging;JavaScript;14.03.2022;13:33:22;14.03.2022;13:52:19;0:18:57
Useful Skills;Tech;JavaScript Algorithms and Data Structures;Debugging;JavaScript;14.03.2022;14:10:19;14.03.2022;14:20:32;0:10:13
Useful Skills;Tech;JavaScript Algorithms and Data Structures;Debugging;JavaScript;14.03.2022;14:34:51;14.03.2022;14:40:14;0:05:23
Useful Skills;Social;English Vocabulary in Use. Upper-Intermediate;23;;14.03.2022;14:42:24;14.03.2022;15:07:37;0:25:13
Career;Career;Coding;Multilanguage;PostgreSQL;14.03.2022;16:53:56;14.03.2022;17:39:53;0:45:57
Career;Career;Coding;Multilanguage;PostgreSQL;15.03.2022;10:36:23;15.03.2022;10:39:23;0:03:00
Useful Skills;Maintenance;Goal Setting;Planning;;15.03.2022;10:45:13;15.03.2022;10:48:44;0:03:31
Career;Career;Coding;Multilanguage;PostgreSQL;15.03.2022;10:49:03;15.03.2022;12:47:58;1:58:55
Career;Career;Coding;Multilanguage;PostgreSQL;15.03.2022;13:02:21;15.03.2022;13:40:58;0:38:37
Career;Career;Coding;Multilanguage;PostgreSQL;15.03.2022;14:32:33;15.03.2022;14:38:16;0:05:43
Useful Skills;Maintenance;Goal Setting;Goals 2022 Monitoring;;15.03.2022;14:51:47;15.03.2022;14:53:47;0:02:00
Useful Skills;Tech;Stock Market;PyQt 5;PyQt 5;15.03.2022;14:57:10;15.03.2022;15:52:24;0:55:14
Useful Skills;Tech;Stock Market;PyQt 5;PyQt 5;15.03.2022;15:54:35;15.03.2022;15:58:38;0:04:03
Career;Career;Coding;Multilanguage;PostgreSQL;15.03.2022;16:04:01;15.03.2022;16:58:34;0:54:33
Career;Career;Org;Salary;;16.03.2022;9:25:34;16.03.2022;10:38:44;1:13:10
Career;Career;Coding;Multilanguage;PostgreSQL;16.03.2022;10:39:05;16.03.2022;10:47:11;0:08:06
Career;Career;Coding;Multilanguage;PostgreSQL;16.03.2022;10:54:55;16.03.2022;11:27:47;0:32:52
Useful Skills;Social;English Vocabulary in Use. Upper-Intermediate;24;;16.03.2022;11:37:14;16.03.2022;12:07:15;0:30:01
Useful Skills;Tech;JavaScript Algorithms and Data Structures;Basic Data Structures;JavaScript;16.03.2022;12:37:07;16.03.2022;12:52:11;0:15:04
Career;Career;Org;Salary;;16.03.2022;14:35:33;16.03.2022;16:36:50;2:01:17
Career;Career;Org;Salary;;16.03.2022;16:41:43;16.03.2022;17:24:54;0:43:11
Useful Skills;Maintenance;Goal Setting;Planning;;17.03.2022;11:44:31;17.03.2022;11:44:58;0:00:27
Career;Career;Coding;Multilanguage;PostgreSQL;17.03.2022;11:49:33;17.03.2022;12:00:54;0:11:21
Career;Career;Org;Meetup;;17.03.2022;12:00:54;17.03.2022;12:09:10;0:08:16
Career;Career;Coding;Multilanguage;PostgreSQL;17.03.2022;12:10:00;17.03.2022;12:13:55;0:03:55
Career;Career;Coding;Multilanguage;PostgreSQL;17.03.2022;12:25:09;17.03.2022;13:12:06;0:46:57
Career;Career;Coding;Multilanguage;PostgreSQL;17.03.2022;14:36:29;17.03.2022;15:25:26;0:48:57
Career;Career;Coding;Multilanguage;PostgreSQL;17.03.2022;16:06:59;17.03.2022;16:21:51;0:14:52
Finance;Finance;Payments;Utilities;;17.03.2022;16:27:20;17.03.2022;16:31:41;0:04:21
Useful Skills;Tech;JavaScript Algorithms and Data Structures;Basic Data Structures;JavaScript;17.03.2022;16:37:20;17.03.2022;16:44:32;0:07:12
Useful Skills;Tech;JavaScript Algorithms and Data Structures;Basic Data Structures;JavaScript;17.03.2022;16:45:09;17.03.2022;17:05:45;0:20:36
Useful Skills;Maintenance;Goal Setting;Planning;;18.03.2022;9:38:54;18.03.2022;9:40:39;0:01:45
Career;Career;Coding;Multilanguage;PostgreSQL;18.03.2022;9:59:19;18.03.2022;10:26:43;0:27:24
Career;Career;Coding;Multilanguage;PostgreSQL;18.03.2022;10:34:10;18.03.2022;10:41:56;0:07:46
Career;Career;Coding;Multilanguage;PostgreSQL;18.03.2022;10:43:35;18.03.2022;11:07:13;0:23:38
Career;Career;Coding;Multilanguage;PostgreSQL;18.03.2022;11:46:23;18.03.2022;11:52:47;0:06:24
Career;Career;Coding;Multilanguage;PostgreSQL;18.03.2022;12:00:51;18.03.2022;12:49:35;0:48:44
Health & Fitness;Fitness;Yoga & Workout;Chest;;18.03.2022;12:49:46;18.03.2022;13:02:04;0:12:18
Career;Career;Coding;Multilanguage;PostgreSQL;18.03.2022;13:02:05;18.03.2022;13:37:05;0:35:00
Career;Career;Coding;Multilanguage;GitHub;18.03.2022;14:29:09;18.03.2022;14:51:29;0:22:20
Career;Career;Coding;Multilanguage;GitHub;18.03.2022;16:01:08;18.03.2022;17:25:13;1:24:05
Useful Skills;Social;English Vocabulary in Use. Upper-Intermediate;25;;18.03.2022;17:41:39;18.03.2022;17:51:00;0:09:21
Career;Career;Coding;Multilanguage;GitHub;18.03.2022;17:52:44;18.03.2022;17:55:03;0:02:19
Useful Skills;Social;English Vocabulary in Use. Upper-Intermediate;25;;18.03.2022;17:55:06;18.03.2022;18:13:29;0:18:23
Useful Skills;Social;English Vocabulary in Use. Upper-Intermediate;25;;18.03.2022;18:14:04;18.03.2022;18:20:16;0:06:12
Useful Skills;Tech;Stock Market;PyQt 5;PyQt 5;18.03.2022;18:39:08;18.03.2022;19:06:52;0:27:44
Career;Career;Coding;Multilanguage;GitHub;21.03.2022;9:05:33;21.03.2022;9:22:10;0:16:37
Useful Skills;Maintenance;Goal Setting;Planning;;21.03.2022;9:54:08;21.03.2022;10:02:25;0:08:17
Useful Skills;Maintenance;Goal Setting;Goals 2022 Monitoring;;21.03.2022;10:02:38;21.03.2022;10:11:37;0:08:59
Career;Career;Coding;Multilanguage;GitHub;21.03.2022;10:14:45;21.03.2022;10:33:04;0:18:19
Useful Skills;Maintenance;Goal Setting;Goals 2022 Monitoring;;21.03.2022;10:41:30;21.03.2022;11:02:41;0:21:11
Useful Skills;Tech;JavaScript Algorithms and Data Structures;Basic Data Structures;JavaScript;21.03.2022;11:28:43;21.03.2022;11:38:31;0:09:48
Useful Skills;Tech;JavaScript Algorithms and Data Structures;Basic Data Structures;JavaScript;21.03.2022;11:54:49;21.03.2022;12:18:15;0:23:26
Career;Career;Coding;Multilanguage;PostgreSQL;21.03.2022;12:36:48;21.03.2022;13:15:29;0:38:41
Career;Career;Coding;Multilanguage;PostgreSQL;21.03.2022;13:34:07;21.03.2022;15:15:07;1:41:00
Career;Career;Coding;Multilanguage;PostgreSQL;21.03.2022;15:59:20;21.03.2022;16:45:35;0:46:15
Useful Skills;Tech;JavaScript Algorithms and Data Structures;Basic Data Structures;JavaScript;21.03.2022;17:02:33;21.03.2022;17:43:28;0:40:55
Career;Career;Coding;Multilanguage;PostgreSQL;21.03.2022;17:44:03;21.03.2022;17:46:35;0:02:32
Useful Skills;Tech;JavaScript Algorithms and Data Structures;Basic Data Structures;JavaScript;21.03.2022;17:46:36;21.03.2022;18:00:51;0:14:15
Useful Skills;Social;English Vocabulary in Use. Upper-Intermediate;26;;21.03.2022;18:07:48;21.03.2022;18:24:22;0:16:34
Useful Skills;Tech;Stock Market;PyQt 5;PyQt 5;21.03.2022;18:28:09;21.03.2022;18:40:19;0:12:10
Useful Skills;Tech;Stock Market;PyQt 5;PyQt 5;21.03.2022;18:51:41;21.03.2022;19:07:19;0:15:38
Career;Career;Org;Meetup;;22.03.2022;10:00:10;22.03.2022;10:20:17;0:20:07
Career;Career;Coding;Multilanguage;PostgreSQL;22.03.2022;10:24:09;22.03.2022;10:36:19;0:12:10
Career;Career;Ops;Demo DB;PostgreSQL;22.03.2022;10:37:22;22.03.2022;11:04:36;0:27:14
Career;Career;Ops;Demo DB;PostgreSQL;22.03.2022;11:34:05;22.03.2022;12:08:32;0:34:27
Useful Skills;Tech;Blog;Backup and Restore DB;PostgreSQL;22.03.2022;12:08:46;22.03.2022;13:13:58;1:05:12
Useful Skills;Tech;Stock Market;PyQt 5;PyQt 5;22.03.2022;13:15:20;22.03.2022;13:33:32;0:18:12
Useful Skills;Tech;Blog;Backup and Restore DB;PostgreSQL;22.03.2022;14:38:27;22.03.2022;15:03:54;0:25:27
Useful Skills;Tech;Blog;Drop Mainantanance DB;PostgreSQL;22.03.2022;15:05:01;22.03.2022;15:30:19;0:25:18
Career;Career;Coding;Multilanguage;PostgreSQL;22.03.2022;15:34:02;22.03.2022;15:49:26;0:15:24
Career;Career;Ops;Demo DB;PostgreSQL;22.03.2022;15:54:26;22.03.2022;16:45:52;0:51:26
Career;Career;Ops;Demo DB;PostgreSQL;22.03.2022;18:37:58;22.03.2022;18:56:04;0:18:06
Career;Career;Org;Salary;;23.03.2022;10:28:11;23.03.2022;11:35:32;1:07:21
Career;Career;Org;Salary;;23.03.2022;11:48:07;23.03.2022;12:05:15;0:17:08
Career;Career;Ops;Demo DB;PostgreSQL;23.03.2022;12:05:17;23.03.2022;12:40:47;0:35:30
Career;Career;Ops;Demo DB;PostgreSQL;23.03.2022;12:56:00;23.03.2022;13:14:19;0:18:19
Career;Career;Org;Meetup;;23.03.2022;14:08:32;23.03.2022;14:16:11;0:07:39
Career;Career;Ops;Demo DB;PostgreSQL;23.03.2022;15:26:32;23.03.2022;17:23:36;1:57:04
Finance;Finance;Budgeting;Cards Monitoring;;23.03.2022;20:35:09;23.03.2022;20:45:08;0:09:59
Finance;Finance;Budgeting;Cards Monitoring;;23.03.2022;22:00:32;23.03.2022;22:34:23;0:33:51
Career;Career;Org;Salary;;24.03.2022;7:48:04;24.03.2022;7:54:04;0:06:00
Career;Career;Ops;Demo DB_Data;PostgreSQL;24.03.2022;13:34:06;24.03.2022;14:15:16;0:41:10
Career;Career;Ops;Demo DB_Data;PostgreSQL;24.03.2022;15:13:39;24.03.2022;15:22:30;0:08:51
Career;Career;Ops;Demo DB_Data;PostgreSQL;24.03.2022;15:40:57;24.03.2022;16:43:54;1:02:57
Career;Career;Ops;Demo DB_Data;PostgreSQL;24.03.2022;20:20:05;24.03.2022;21:07:14;0:47:09
Career;Career;Ops;Demo DB_Data;PostgreSQL;25.03.2022;9:37:41;25.03.2022;10:42:25;1:04:44
Career;Career;Coding;INT Local;Nuxt;25.03.2022;11:11:54;25.03.2022;11:36:28;0:24:34
Career;Career;Coding;INT Local;Nuxt;25.03.2022;11:54:03;25.03.2022;11:59:57;0:05:54
Career;Career;Coding;INT Local;Nuxt;25.03.2022;12:00:57;25.03.2022;12:22:52;0:21:55
Finance;Finance;Payments;Utilities;;25.03.2022;12:28:23;25.03.2022;13:02:31;0:34:08
Career;Career;Coding;INT Local;Nuxt;25.03.2022;14:27:54;25.03.2022;14:32:31;0:04:37
Finance;Finance;Stock Market;Shares Monitoring;;25.03.2022;14:36:59;25.03.2022;16:35:20;1:58:21
Career;Career;Ops;Demo DB_Data;PostgreSQL;25.03.2022;16:39:19;25.03.2022;17:08:31;0:29:12
Career;Career;Coding;Installation;AutoCAD;25.03.2022;18:18:12;25.03.2022;18:22:46;0:04:34
Useful Skills;Social;English Vocabulary in Use. Upper-Intermediate;27;;25.03.2022;18:22:49;25.03.2022;18:29:22;0:06:33
Career;Career;Coding;Installation;AutoCAD;25.03.2022;18:29:30;25.03.2022;18:39:53;0:10:23
Useful Skills;Social;English Vocabulary in Use. Upper-Intermediate;27;;25.03.2022;18:40:58;25.03.2022;18:53:28;0:12:30
Useful Skills;Maintenance;Goal Setting;Planning;;28.03.2022;9:33:34;28.03.2022;9:40:15;0:06:41
Career;Career;Design;Export;AutoCAD;28.03.2022;9:40:22;28.03.2022;9:51:36;0:11:14
Useful Skills;Maintenance;Goal Setting;Goals 2022 Monitoring;;28.03.2022;9:52:24;28.03.2022;9:54:11;0:01:47
Career;Career;Design;Export;AutoCAD;28.03.2022;11:01:56;28.03.2022;11:48:04;0:46:08
Career;Career;Design;Export;AutoCAD;28.03.2022;12:00:16;28.03.2022;12:17:23;0:17:07
Career;Career;Design;Export;AutoCAD;28.03.2022;12:19:43;28.03.2022;12:46:23;0:26:40
Career;Career;Design;Export;AutoCAD;28.03.2022;12:54:14;28.03.2022;13:09:31;0:15:17
Career;Career;Design;Export;AutoCAD;28.03.2022;13:40:29;28.03.2022;13:46:13;0:05:44
Career;Career;Design;Export;AutoCAD;28.03.2022;16:08:20;28.03.2022;16:47:06;0:38:46
Useful Skills;Maintenance;Goal Setting;Goals 2022 Monitoring;;28.03.2022;17:14:02;28.03.2022;17:18:44;0:04:42
Useful Skills;Tech;JavaScript Algorithms and Data Structures;Basic Data Structures;JavaScript;28.03.2022;17:18:49;28.03.2022;17:25:21;0:06:32
Useful Skills;Maintenance;Goal Setting;Goals 2022 Monitoring;;28.03.2022;17:28:07;28.03.2022;18:03:28;0:35:21
Finance;Finance;Budgeting;Cards Monitoring;;28.03.2022;18:03:33;28.03.2022;18:10:11;0:06:38
Useful Skills;Maintenance;Goal Setting;Goals 2022 Monitoring;;28.03.2022;18:13:07;28.03.2022;18:19:14;0:06:07
Useful Skills;Maintenance;Computer;Google Photo;;28.03.2022;18:45:18;28.03.2022;19:12:03;0:26:45
Career;Career;Design;Export;AutoCAD;29.03.2022;9:13:51;29.03.2022;9:28:44;0:14:53
Career;Career;Design;Export;AutoCAD;29.03.2022;9:29:33;29.03.2022;9:59:49;0:30:16
Career;Career;Design;Store 1;AutoCAD;29.03.2022;10:05:29;29.03.2022;11:10:49;1:05:20
Career;Career;Design;Store 1;AutoCAD;29.03.2022;11:13:20;29.03.2022;11:15:38;0:02:18
Career;Career;Design;Store 1;AutoCAD;29.03.2022;11:56:33;29.03.2022;12:12:32;0:15:59
Career;Career;Design;Export;AutoCAD;29.03.2022;13:41:02;29.03.2022;14:18:00;0:36:58
Career;Career;Design;Export;AutoCAD;29.03.2022;14:26:39;29.03.2022;14:28:54;0:02:15
Career;Career;Design;Store 1;AutoCAD;29.03.2022;14:29:01;29.03.2022;14:48:51;0:19:50
Career;Career;Design;Export;AutoCAD;29.03.2022;15:21:21;29.03.2022;16:00:07;0:38:46
Useful Skills;Tech;JavaScript Algorithms and Data Structures;Basic Algorithm Scripting;JavaScript;29.03.2022;16:59:47;29.03.2022;17:03:53;0:04:06
Career;Career;Org;Salary;;29.03.2022;17:07:21;29.03.2022;17:40:11;0:32:50
Useful Skills;Tech;JavaScript Algorithms and Data Structures;Basic Algorithm Scripting;JavaScript;29.03.2022;18:32:32;29.03.2022;19:04:29;0:31:57
Career;Career;Design;Store 1;AutoCAD;30.03.2022;10:02:21;30.03.2022;12:47:36;2:45:15
Career;Career;Design;Store 1;AutoCAD;30.03.2022;12:50:50;30.03.2022;12:59:18;0:08:28
Career;Career;Design;Store 1;AutoCAD;30.03.2022;13:01:33;30.03.2022;13:04:31;0:02:58
Career;Career;Design;Store 1;AutoCAD;30.03.2022;13:12:01;30.03.2022;13:17:00;0:04:59
Career;Career;Design;Store 1;AutoCAD;30.03.2022;13:20:05;30.03.2022;13:25:20;0:05:15
Health & Fitness;Fitness;Yoga & Workout;Abs;;30.03.2022;13:30:54;30.03.2022;13:45:54;0:15:00
Career;Career;Design;Store 1;AutoCAD;30.03.2022;14:29:23;30.03.2022;14:34:43;0:05:20
Useful Skills;Tech;JavaScript Algorithms and Data Structures;Basic Algorithm Scripting;JavaScript;30.03.2022;14:43:20;30.03.2022;15:34:22;0:51:02
Useful Skills;Tech;JavaScript Algorithms and Data Structures;Basic Algorithm Scripting;JavaScript;30.03.2022;15:44:30;30.03.2022;16:12:36;0:28:06
Useful Skills;Tech;JavaScript Algorithms and Data Structures;Basic Algorithm Scripting;JavaScript;30.03.2022;16:15:28;30.03.2022;16:17:08;0:01:40
Career;Career;Design;Store 1;AutoCAD;30.03.2022;16:17:25;30.03.2022;16:34:19;0:16:54
Useful Skills;Tech;JavaScript Algorithms and Data Structures;Basic Algorithm Scripting;JavaScript;30.03.2022;16:34:27;30.03.2022;16:43:45;0:09:18
Useful Skills;Tech;JavaScript Algorithms and Data Structures;Basic Algorithm Scripting;JavaScript;30.03.2022;17:35:21;30.03.2022;18:09:38;0:34:17
Health & Fitness;Fitness;Yoga & Workout;Arms;;30.03.2022;18:52:50;30.03.2022;19:10:32;0:17:42
Career;Career;Design;Store 1;AutoCAD;31.03.2022;9:58:02;31.03.2022;11:43:19;1:45:17
Career;Career;Design;Exporting Store;PostgreSQL;31.03.2022;11:45:27;31.03.2022;12:00:47;0:15:20
Career;Career;Design;Exporting Store;PostgreSQL;31.03.2022;13:39:10;31.03.2022;14:18:28;0:39:18
Finance;Finance;Stock Market;Buy Shares;;31.03.2022;14:19:37;31.03.2022;14:26:34;0:06:57
Finance;Finance;Stock Market;Buy Shares;;31.03.2022;14:49:52;31.03.2022;14:59:16;0:09:24
Finance;Finance;Budgeting;Monthly Budgeting;;31.03.2022;15:14:55;31.03.2022;15:40:06;0:25:11
Useful Skills;Tech;JavaScript Algorithms and Data Structures;Basic Algorithm Scripting;JavaScript;31.03.2022;15:42:30;31.03.2022;15:59:11;0:16:41
Useful Skills;Tech;JavaScript Algorithms and Data Structures;Basic Algorithm Scripting;JavaScript;31.03.2022;16:06:56;31.03.2022;16:21:41;0:14:45
Useful Skills;Tech;JavaScript Algorithms and Data Structures;Basic Algorithm Scripting;JavaScript;31.03.2022;16:25:04;31.03.2022;16:40:49;0:15:45
Career;Career;Ops;Store 2;AutoCAD;01.04.2022;10:03:12;01.04.2022;10:14:12;0:11:00
Career;Career;Ops;Store 2;AutoCAD;01.04.2022;10:38:48;01.04.2022;11:28:01;0:49:13
Useful Skills;Maintenance;Goal Setting;Monthly Planning;;01.04.2022;12:03:30;01.04.2022;12:06:51;0:03:21
Career;Career;Ops;Equipment Modeling;AutoCAD;01.04.2022;13:55:44;01.04.2022;14:19:44;0:24:00
Career;Career;Ops;Equipment Modeling;AutoCAD;01.04.2022;16:28:12;01.04.2022;16:31:31;0:03:19
Career;Career;Ops;Equipment Modeling;AutoCAD;01.04.2022;16:36:00;01.04.2022;16:38:23;0:02:23
Career;Career;Ops;Store 2;AutoCAD;01.04.2022;16:38:25;01.04.2022;17:03:31;0:25:06
Useful Skills;Social;English Vocabulary in Use. Upper-Intermediate;28;;01.04.2022;18:32:56;01.04.2022;18:51:01;0:18:05
Useful Skills;Social;English Vocabulary in Use. Upper-Intermediate;29;;01.04.2022;18:53:00;01.04.2022;19:12:33;0:19:33
Useful Skills;Maintenance;Goal Setting;Goals 2022_Quarterly Report;Tableau;02.04.2022;11:52:47;02.04.2022;12:44:16;0:51:29
Useful Skills;Maintenance;Goal Setting;Goals 2022_Quarterly Report;Tableau;02.04.2022;19:13:14;02.04.2022;19:26:14;0:13:00
Useful Skills;Maintenance;Goal Setting;AlcoDiary;;03.04.2022;10:01:27;03.04.2022;10:38:52;0:37:25
Useful Skills;Tech;JavaScript Algorithms and Data Structures;Basic Algorithm Scripting;JavaScript;03.04.2022;12:12:37;03.04.2022;13:07:58;0:55:21
Health & Fitness;Fitness;Yoga & Workout;Abs;;03.04.2022;13:33:27;03.04.2022;13:38:51;0:05:24
Useful Skills;Tech;JavaScript Algorithms and Data Structures;Basic Algorithm Scripting;JavaScript;03.04.2022;13:44:21;03.04.2022;14:01:31;0:17:10
Useful Skills;Tech;JavaScript Algorithms and Data Structures;Basic Algorithm Scripting;JavaScript;03.04.2022;14:33:39;03.04.2022;14:42:55;0:09:16
Useful Skills;Tech;JavaScript Algorithms and Data Structures;Basic Algorithm Scripting;JavaScript;03.04.2022;15:16:10;03.04.2022;17:05:27;1:49:17
Career;Career;Ops;Demo;;04.04.2022;9:20:20;04.04.2022;9:44:27;0:24:07
Career;Career;Ops;Demo;;04.04.2022;9:44:29;04.04.2022;10:19:40;0:35:11
Useful Skills;Maintenance;Goal Setting;Planning;;04.04.2022;10:19:48;04.04.2022;10:52:13;0:32:25
Useful Skills;Maintenance;Goal Setting;Goals 2022 Monitoring;;04.04.2022;11:03:55;04.04.2022;11:10:19;0:06:24
Useful Skills;Maintenance;Goal Setting;Planning;;04.04.2022;11:10:20;04.04.2022;11:24:00;0:13:40
Career;Career;Ops;Demo;;04.04.2022;11:24:11;04.04.2022;12:02:47;0:38:36
Useful Skills;Maintenance;Goal Setting;Planning;;04.04.2022;12:20:38;04.04.2022;12:47:11;0:26:33
Useful Skills;Maintenance;Goal Setting;Goals 2022 Monitoring;;04.04.2022;12:47:12;04.04.2022;12:55:22;0:08:10
Health & Fitness;Fitness;Yoga & Workout;Legs;;04.04.2022;13:06:13;04.04.2022;13:20:13;0:14:00
Career;Career;Ops;Demo;;04.04.2022;15:45:24;04.04.2022;17:05:24;1:20:00
Useful Skills;Tech;JavaScript Algorithms and Data Structures;Object Oriented Programming;JavaScript;04.04.2022;17:17:20;04.04.2022;17:29:32;0:12:12
Useful Skills;Tech;JavaScript Algorithms and Data Structures;Object Oriented Programming;JavaScript;04.04.2022;18:19:28;04.04.2022;18:48:55;0:29:27
Useful Skills;Tech;Stock Market;Django;Django;04.04.2022;18:54:23;04.04.2022;19:01:29;0:07:06
Useful Skills;Tech;Stock Market;Django;Django;04.04.2022;19:05:47;04.04.2022;19:25:53;0:20:06
Useful Skills;Tech;Stock Market;Django;Django;04.04.2022;21:36:15;04.04.2022;21:59:42;0:23:27
Career;Career;Ops;Store 1;AutoCAD;05.04.2022;9:50:17;05.04.2022;10:48:19;0:58:02
Career;Career;Ops;Store 1;AutoCAD;05.04.2022;10:57:32;05.04.2022;11:59:18;1:01:46
Health & Fitness;Fitness;Yoga & Workout;Shoulders&Back;;05.04.2022;12:06:30;05.04.2022;12:22:58;0:16:28
Career;Career;Ops;Pull/Push;;05.04.2022;12:37:47;05.04.2022;12:52:47;0:15:00
Useful Skills;Tech;JavaScript Algorithms and Data Structures;Object Oriented Programming;JavaScript;05.04.2022;13:05:09;05.04.2022;13:50:18;0:45:09
Career;Career;Ops;Demo;;05.04.2022;13:50:19;05.04.2022;14:28:37;0:38:18
Career;Career;Ops;Texture on the walls;AutoCAD;05.04.2022;14:51:52;05.04.2022;14:56:31;0:04:39
Career;Career;Ops;Store 1;AutoCAD;05.04.2022;14:56:50;05.04.2022;15:15:03;0:18:13
Useful Skills;Tech;Stock Market;Django;Django;05.04.2022;15:34:53;05.04.2022;15:43:27;0:08:34
Useful Skills;Tech;Stock Market;Django;Django;05.04.2022;15:44:03;05.04.2022;16:21:48;0:37:45
Career;Career;Ops;Backup;;06.04.2022;9:37:34;06.04.2022;10:29:49;0:52:15
Career;Career;Ops;Store 1;AutoCAD;06.04.2022;11:06:46;06.04.2022;11:37:42;0:30:56
Career;Career;Ops;3D;AutoCAD;06.04.2022;11:40:22;06.04.2022;11:51:57;0:11:35
Career;Career;Ops;Restore;;06.04.2022;13:26:07;06.04.2022;13:36:04;0:09:57
Useful Skills;Maintenance;Goal Setting;Planning;;06.04.2022;13:36:21;06.04.2022;13:38:47;0:02:26
Useful Skills;Maintenance;Goal Setting;Planning;;06.04.2022;13:39:07;06.04.2022;13:57:38;0:18:31
Useful Skills;Tech;JavaScript Algorithms and Data Structures;Object Oriented Programming;JavaScript;06.04.2022;13:57:41;06.04.2022;14:20:50;0:23:09
Useful Skills;Tech;Stock Market;Django;Django;06.04.2022;14:38:54;06.04.2022;15:15:54;0:37:00
Useful Skills;Social;English Vocabulary in Use. Upper-Intermediate;30;;06.04.2022;15:24:57;06.04.2022;15:27:03;0:02:06
Useful Skills;Social;English Vocabulary in Use. Upper-Intermediate;30;;06.04.2022;15:29:21;06.04.2022;15:45:34;0:16:13
Useful Skills;Maintenance;Goal Setting;Goals 2022_Quarterly Report;Tableau;06.04.2022;15:48:10;06.04.2022;15:51:31;0:03:21
Career;Career;Ops;Demo;;06.04.2022;15:52:28;06.04.2022;16:37:39;0:45:11
Career;Career;Ops;Demo;;06.04.2022;16:49:38;06.04.2022;17:22:52;0:33:14
Useful Skills;Maintenance;Goal Setting;Goals 2022_Quarterly Report;Tableau;06.04.2022;18:33:26;06.04.2022;19:07:04;0:33:38
Useful Skills;Maintenance;Goal Setting;Goals 2022_Quarterly Report;Tableau;06.04.2022;20:19:15;06.04.2022;21:53:12;1:33:57
Useful Skills;Maintenance;Goal Setting;Goals 2022_Quarterly Report;Tableau;06.04.2022;22:37:14;06.04.2022;23:16:56;0:39:42
Useful Skills;Maintenance;Goal Setting;Goals 2022_Quarterly Report;Tableau;07.04.2022;7:20:13;07.04.2022;8:45:51;1:25:38
Useful Skills;Maintenance;Goal Setting;Goals 2022_Quarterly Report;Tableau;07.04.2022;9:50:24;07.04.2022;10:22:29;0:32:05
Career;Career;Ops;Demo_Planograms;AutoCAD;07.04.2022;10:22:31;07.04.2022;12:17:40;1:55:09
Career;Career;Ops;Demo_Planograms;AutoCAD;07.04.2022;12:25:29;07.04.2022;12:58:08;0:32:39
Useful Skills;Maintenance;Goal Setting;Goals 2022_Quarterly Report;Tableau;07.04.2022;13:42:28;07.04.2022;14:43:54;1:01:26
Career;Career;Ops;Demo_Planograms;AutoCAD;07.04.2022;14:45:40;07.04.2022;15:43:28;0:57:48
Career;Career;Ops;Demo_Planograms;AutoCAD;07.04.2022;15:55:12;07.04.2022;16:07:34;0:12:22
Career;Career;Ops;Demo_Planograms;AutoCAD;07.04.2022;16:07:35;07.04.2022;16:27:05;0:19:30
Useful Skills;Maintenance;Goal Setting;Goals 2022_Quarterly Report;Tableau;07.04.2022;16:27:07;07.04.2022;16:43:29;0:16:22
Career;Career;Ops;Demo_Planograms;AutoCAD;07.04.2022;16:43:31;07.04.2022;16:48:10;0:04:39
Career;Career;Ops;Demo_Planograms;AutoCAD;08.04.2022;9:55:05;08.04.2022;10:19:43;0:24:38
Career;Career;Ops;Demo_Planograms;AutoCAD;08.04.2022;11:47:10;08.04.2022;12:13:08;0:25:58
Career;Career;Ops;Demo_Planograms;AutoCAD;08.04.2022;12:42:19;08.04.2022;12:57:27;0:15:08
Career;Career;Ops;Demo_Planograms;AutoCAD;08.04.2022;13:17:21;08.04.2022;13:52:40;0:35:19
Career;Career;Ops;Demo_Planograms;AutoCAD;08.04.2022;16:02:57;08.04.2022;16:15:15;0:12:18
Career;Career;Ops;Demo_Planograms;AutoCAD;08.04.2022;17:14:20;08.04.2022;17:23:52;0:09:32
Useful Skills;Maintenance;Goal Setting;Goals 2022_Quarterly Report;Tableau;08.04.2022;17:27:52;08.04.2022;17:35:25;0:07:33
Useful Skills;Maintenance;Goal Setting;Goals 2022_Quarterly Report;Tableau;08.04.2022;18:03:47;08.04.2022;18:13:34;0:09:47
Finance;Finance;Stock Market;Sell Shares;;08.04.2022;21:43:00;08.04.2022;21:47:35;0:04:35
Useful Skills;Social;English Vocabulary in Use. Upper-Intermediate;31;;10.04.2022;16:07:35;10.04.2022;16:09:53;0:02:18
Useful Skills;Social;English Vocabulary in Use. Upper-Intermediate;31;;10.04.2022;16:10:27;10.04.2022;16:14:26;0:03:59
Useful Skills;Social;English Vocabulary in Use. Upper-Intermediate;31;;10.04.2022;17:02:10;10.04.2022;17:09:28;0:07:18
Useful Skills;Social;English Vocabulary in Use. Upper-Intermediate;31;;10.04.2022;17:20:47;10.04.2022;17:28:04;0:07:17
Useful Skills;Social;English Vocabulary in Use. Upper-Intermediate;31;;10.04.2022;17:33:57;10.04.2022;17:37:28;0:03:31
Useful Skills;Social;English Vocabulary in Use. Upper-Intermediate;32;;10.04.2022;17:40:25;10.04.2022;17:59:35;0:19:10
Useful Skills;Social;English Vocabulary in Use. Upper-Intermediate;32;;10.04.2022;18:00:55;10.04.2022;18:03:16;0:02:21
Career;Career;Ops;Store 2_Equipment;AutoCAD;11.04.2022;10:04:02;11.04.2022;10:12:38;0:08:36
Finance;Finance;Budgeting;Deposit;;11.04.2022;10:13:45;11.04.2022;10:20:27;0:06:42
Finance;Finance;Budgeting;Deposit;;11.04.2022;10:30:18;11.04.2022;11:02:35;0:32:17
Career;Career;Ops;Store 2_Equipment;AutoCAD;11.04.2022;11:04:10;11.04.2022;12:27:16;1:23:06
Useful Skills;Maintenance;Goal Setting;Monthly Planning;;11.04.2022;12:30:26;11.04.2022;12:32:13;0:01:47
Useful Skills;Maintenance;Goal Setting;Planning;;11.04.2022;12:35:35;11.04.2022;12:36:41;0:01:06
Useful Skills;Maintenance;Goal Setting;Planning;;11.04.2022;12:36:51;11.04.2022;12:40:49;0:03:58
Career;Career;Ops;Demo_Planograms;AutoCAD;11.04.2022;12:42:12;11.04.2022;13:15:09;0:32:57
Useful Skills;Maintenance;Goal Setting;Planning;;11.04.2022;13:16:06;11.04.2022;13:19:47;0:03:41
Health & Fitness;Fitness;Yoga & Workout;Abs;;11.04.2022;13:27:55;11.04.2022;13:42:29;0:14:34
Useful Skills;Maintenance;Goal Setting;Goals 2022 Monitoring;;11.04.2022;13:48:34;11.04.2022;14:05:21;0:16:47
Useful Skills;Tech;JavaScript Algorithms and Data Structures;Functional Programming;JavaScript;11.04.2022;14:11:58;11.04.2022;14:27:07;0:15:09
Career;Career;Ops;Store 2_Constructions;AutoCAD;11.04.2022;15:02:29;11.04.2022;17:23:11;2:20:42
Useful Skills;Tech;JavaScript Algorithms and Data Structures;Functional Programming;JavaScript;11.04.2022;19:02:59;11.04.2022;19:46:48;0:43:49
Useful Skills;Tech;JavaScript Algorithms and Data Structures;Functional Programming;JavaScript;12.04.2022;6:14:49;12.04.2022;6:53:42;0:38:53
Career;Career;Ops;Store 2_Constructions;AutoCAD;12.04.2022;9:16:59;12.04.2022;11:00:59;1:44:00
Career;Career;Ops;Store 3_Constructions;AutoCAD;12.04.2022;11:00:16;12.04.2022;11:17:42;0:17:26
Useful Skills;Social;English Vocabulary in Use. Upper-Intermediate;33;;12.04.2022;11:37:52;12.04.2022;11:58:59;0:21:07
Career;Career;Ops;Store 3_Export;AutoCAD;12.04.2022;12:14:52;12.04.2022;13:31:49;1:16:57
Health & Fitness;Fitness;Yoga & Workout;Abs;;12.04.2022;13:36:42;12.04.2022;13:45:42;0:09:00
Useful Skills;Tech;JavaScript Algorithms and Data Structures;Functional Programming;JavaScript;12.04.2022;13:50:53;12.04.2022;14:02:37;0:11:44
Useful Skills;Tech;JavaScript Algorithms and Data Structures;Functional Programming;JavaScript;12.04.2022;15:34:40;12.04.2022;15:52:35;0:17:55
Useful Skills;Tech;JavaScript Algorithms and Data Structures;Functional Programming;JavaScript;12.04.2022;16:07:08;12.04.2022;16:26:50;0:19:42
Career;Career;Ops;Store 3_Export;AutoCAD;12.04.2022;16:27:02;12.04.2022;16:39:27;0:12:25
Useful Skills;Tech;Stock Market;Django;Django;12.04.2022;16:41:02;12.04.2022;16:54:16;0:13:14
Career;Career;Ops;Store 3_Export;AutoCAD;12.04.2022;16:55:38;12.04.2022;17:20:20;0:24:42
Useful Skills;Tech;Stock Market;Django;Django;12.04.2022;17:20:29;12.04.2022;17:33:14;0:12:45
Career;Career;Ops;Store 3_Planograms;AutoCAD;12.04.2022;17:33:16;12.04.2022;17:44:34;0:11:18
Useful Skills;Tech;Stock Market;Django;Django;12.04.2022;17:44:35;12.04.2022;18:02:26;0:17:51
Useful Skills;Tech;Stock Market;Django;Django;12.04.2022;18:06:15;12.04.2022;18:50:01;0:43:46
Useful Skills;Maintenance;Goal Setting;Planning;;12.04.2022;18:50:35;12.04.2022;18:51:44;0:01:09
Useful Skills;Tech;JavaScript Algorithms and Data Structures;Functional Programming;JavaScript;12.04.2022;18:51:47;12.04.2022;19:14:16;0:22:29
Career;Career;Ops;Demo;;13.04.2022;10:05:07;13.04.2022;10:29:58;0:24:51
Career;Career;Ops;Demo;;13.04.2022;10:37:36;13.04.2022;11:06:33;0:28:57
Career;Career;Ops;Store 3_Data;AutoCAD;13.04.2022;11:19:12;13.04.2022;11:33:36;0:14:24
Career;Career;Ops;Store 3_Data;AutoCAD;13.04.2022;11:41:54;13.04.2022;12:05:38;0:23:44
Career;Career;Ops;Store 3_Constructions;AutoCAD;13.04.2022;12:18:14;13.04.2022;12:29:03;0:10:49
Useful Skills;Tech;JavaScript Algorithms and Data Structures;Functional Programming;JavaScript;13.04.2022;12:30:38;13.04.2022;13:13:50;0:43:12
Health & Fitness;Fitness;Yoga & Workout;Legs;;13.04.2022;13:39:44;13.04.2022;13:55:44;0:16:00
Useful Skills;Social;English Vocabulary in Use. Upper-Intermediate;34;;13.04.2022;14:25:51;13.04.2022;14:37:51;0:12:00
Career;Career;Ops;Store 4_Plan;AutoCAD;13.04.2022;16:05:06;13.04.2022;17:42:21;1:37:15
Useful Skills;Tech;Stock Market;Django;Django;13.04.2022;18:09:25;13.04.2022;18:12:56;0:03:31
Useful Skills;Tech;Stock Market;Django;Django;13.04.2022;18:34:45;13.04.2022;18:40:42;0:05:57
Useful Skills;Tech;Stock Market;Django;Django;13.04.2022;18:48:39;13.04.2022;19:25:45;0:37:06
Career;Career;Ops;Demo;;14.04.2022;9:54:44;14.04.2022;10:28:51;0:34:07
Career;Career;Ops;Demo;;14.04.2022;10:34:57;14.04.2022;11:46:46;1:11:49
Career;Career;Ops;Demo;;14.04.2022;11:47:46;14.04.2022;12:10:03;0:22:17
Career;Career;Ops;Demo;;14.04.2022;12:10:29;14.04.2022;13:11:31;1:01:02
Useful Skills;Tech;Stock Market;Django;Django;14.04.2022;13:35:23;14.04.2022;14:35:09;0:59:46
Useful Skills;Social;English Vocabulary in Use. Upper-Intermediate;35;;14.04.2022;15:01:41;14.04.2022;15:18:06;0:16:25
Career;Career;Ops;Demo;;15.04.2022;16:40:40;15.04.2022;17:15:40;0:35:00
Career;Career;Ops;Demo_Schemagrams;;18.04.2022;9:40:57;18.04.2022;9:47:02;0:06:05
Career;Career;Ops;Store 1_Export;AutoCAD;18.04.2022;9:47:03;18.04.2022;10:37:17;0:50:14
Career;Career;Ops;Sror 2_Export;AutoCAD;18.04.2022;10:37:36;18.04.2022;11:09:20;0:31:44
Career;Career;Ops;Sror 2_Export;AutoCAD;18.04.2022;11:14:55;18.04.2022;11:23:51;0:08:56
Career;Career;Ops;Store 3_Export;AutoCAD;18.04.2022;11:23:54;18.04.2022;11:33:19;0:09:25
Career;Career;Ops;Store 4_Export;AutoCAD;18.04.2022;11:33:21;18.04.2022;11:42:49;0:09:28
Useful Skills;Maintenance;Goal Setting;Planning;;18.04.2022;11:51:11;18.04.2022;12:00:17;0:09:06
Useful Skills;Maintenance;Goal Setting;Planning;;18.04.2022;12:13:05;18.04.2022;12:37:20;0:24:15
Useful Skills;Maintenance;Goal Setting;Goals 2022 Monitoring;;18.04.2022;12:38:23;18.04.2022;12:44:56;0:06:33
Useful Skills;Maintenance;Goal Setting;Goals 2022_Quarterly Report;;18.04.2022;13:03:31;18.04.2022;13:40:53;0:37:22
Finance;Finance;Payments;Utilities;;18.04.2022;13:41:17;18.04.2022;13:48:18;0:07:01
Health & Fitness;Fitness;Yoga & Workout;Abs;;18.04.2022;13:58:46;18.04.2022;14:12:31;0:13:45
Useful Skills;Social;English Vocabulary in Use. Upper-Intermediate;36;;18.04.2022;15:20:23;18.04.2022;15:32:41;0:12:18
Useful Skills;Maintenance;Goal Setting;Goals 2022_Quarterly Report;;18.04.2022;15:38:50;18.04.2022;15:57:50;0:19:00
Useful Skills;Maintenance;Goal Setting;Goals 2022_Quarterly Report;;18.04.2022;16:01:45;18.04.2022;16:15:09;0:13:24
Career;Career;Ops;Demo;PostgreSQL;18.04.2022;16:15:10;18.04.2022;16:45:48;0:30:38
Career;Career;Ops;Demo Transfer;PostgreSQL;18.04.2022;16:45:55;18.04.2022;17:04:38;0:18:43
Useful Skills;Maintenance;Goal Setting;Goals 2022_Quarterly Report;;18.04.2022;17:30:36;18.04.2022;17:47:27;0:16:51
Useful Skills;Maintenance;Goal Setting;Goals 2022_Quarterly Report;;18.04.2022;18:04:14;18.04.2022;18:41:13;0:36:59
Useful Skills;Tech;JavaScript Algorithms and Data Structures;Intermediate Algorithm Scripting;JavaScript;18.04.2022;18:42:21;18.04.2022;19:06:34;0:24:13
Useful Skills;Maintenance;Goal Setting;Goals 2022_Quarterly Report;;19.04.2022;7:46:51;19.04.2022;8:38:55;0:52:04
Useful Skills;Maintenance;Goal Setting;Goals 2022_Quarterly Report;;19.04.2022;8:39:12;19.04.2022;8:51:07;0:11:55
Career;Career;Ops;DB Schema Backup;PostgreSQL;19.04.2022;8:59:19;19.04.2022;9:23:50;0:24:31
Career;Career;Ops;DB Schema Backup;PostgreSQL;19.04.2022;9:37:37;19.04.2022;10:29:03;0:51:26
Useful Skills;Maintenance;Goal Setting;Goals 2022_Quarterly Report;;19.04.2022;10:32:29;19.04.2022;10:32:56;0:00:27
Career;Career;Ops;DB Schema Backup;PostgreSQL;19.04.2022;10:32:57;19.04.2022;10:44:07;0:11:10
Useful Skills;Maintenance;Goal Setting;Goals 2022_Quarterly Report;;19.04.2022;10:48:47;19.04.2022;10:51:58;0:03:11
Career;Career;Ops;DB Schema Backup;PostgreSQL;19.04.2022;10:52:06;19.04.2022;11:26:33;0:34:27
Useful Skills;Maintenance;Goal Setting;Goals 2022_Quarterly Report;;19.04.2022;11:26:46;19.04.2022;11:37:26;0:10:40
Useful Skills;Maintenance;Goal Setting;Goals 2022_Quarterly Report;;19.04.2022;11:59:55;19.04.2022;12:14:38;0:14:43
Useful Skills;Maintenance;Computer;Windows Reinstall;;19.04.2022;12:45:45;19.04.2022;15:42:09;2:56:24
Useful Skills;Maintenance;Computer;Windows Reinstall;;19.04.2022;15:46:19;19.04.2022;20:10:26;4:24:07
Useful Skills;Maintenance;Computer;Windows Reinstall;;20.04.2022;6:45:35;20.04.2022;10:58:09;4:12:34
Career;Career;Ops;DB Schema Backup;PostgreSQL;20.04.2022;10:58:13;20.04.2022;11:12:28;0:14:15
Finance;Finance;Budgeting;Cards Monitoring;;20.04.2022;11:14:58;20.04.2022;11:20:12;0:05:14
Health & Fitness;Fitness;Yoga & Workout;Chest;;20.04.2022;11:26:50;20.04.2022;11:37:27;0:10:37
Career;Career;Ops;Go;Go, PostgreSQL;20.04.2022;11:48:52;20.04.2022;12:35:50;0:46:58
Useful Skills;Tech;JavaScript Algorithms and Data Structures;Intermediate Algorithm Scripting;JavaScript;20.04.2022;13:07:54;20.04.2022;13:36:47;0:28:53
Career;Career;Org;Taxes;;20.04.2022;13:45:57;20.04.2022;13:55:37;0:09:40
Career;Career;Ops;Go;Go, PostgreSQL;20.04.2022;15:04:20;20.04.2022;15:16:00;0:11:40
Career;Career;Ops;ERD;PostgreSQL;20.04.2022;15:16:32;20.04.2022;15:30:59;0:14:27
Career;Career;Org;Taxes;;20.04.2022;15:32:39;20.04.2022;15:36:04;0:03:25
Career;Career;Ops;ERD;PostgreSQL;20.04.2022;15:37:11;20.04.2022;15:49:32;0:12:21
Career;Career;Ops;ERD;PostgreSQL;20.04.2022;15:55:16;20.04.2022;16:42:49;0:47:33
Useful Skills;Tech;JavaScript Algorithms and Data Structures;Intermediate Algorithm Scripting;JavaScript;20.04.2022;16:43:57;20.04.2022;17:24:17;0:40:20
Useful Skills;Social;English Vocabulary in Use: Advanced;1;;20.04.2022;18:02:23;20.04.2022;18:32:31;0:30:08
Useful Skills;Maintenance;Computer;Google Photos;;21.04.2022;7:00:12;21.04.2022;7:45:47;0:45:35
Useful Skills;Maintenance;Computer;Google Photos;;21.04.2022;7:46:15;21.04.2022;8:17:59;0:31:44
Career;Career;Ops;ERD;PostgreSQL;21.04.2022;9:51:50;21.04.2022;10:23:02;0:31:12
Career;Career;Ops;ERD;PostgreSQL;21.04.2022;11:00:43;21.04.2022;12:49:46;1:49:03
Health & Fitness;Fitness;Yoga & Workout;Shoulders&Back;;21.04.2022;13:01:11;21.04.2022;13:18:23;0:17:12
Useful Skills;Tech;JavaScript Algorithms and Data Structures;Intermediate Algorithm Scripting;JavaScript;21.04.2022;14:03:46;21.04.2022;14:33:40;0:29:54
Useful Skills;Tech;JavaScript Algorithms and Data Structures;Intermediate Algorithm Scripting;JavaScript;21.04.2022;14:41:54;21.04.2022;15:06:50;0:24:56
Useful Skills;Social;English Vocabulary in Use: Advanced;2;;21.04.2022;16:18:04;21.04.2022;16:32:30;0:14:26
Useful Skills;Tech;JavaScript Algorithms and Data Structures;Intermediate Algorithm Scripting;JavaScript;22.04.2022;7:58:59;22.04.2022;8:06:48;0:07:49
Useful Skills;Tech;JavaScript Algorithms and Data Structures;Intermediate Algorithm Scripting;JavaScript;22.04.2022;9:19:54;22.04.2022;9:30:55;0:11:01
Useful Skills;Tech;JavaScript Algorithms and Data Structures;Intermediate Algorithm Scripting;JavaScript;22.04.2022;9:36:40;22.04.2022;9:48:50;0:12:10
Useful Skills;Maintenance;Shopping;Earplugs for Swimming;;22.04.2022;10:59:15;22.04.2022;11:20:42;0:21:27
Useful Skills;Maintenance;Computer;Google Photos;;22.04.2022;11:25:23;22.04.2022;11:48:27;0:23:04
Career;Career;Ops;ERD;PostgreSQL;22.04.2022;12:20:34;22.04.2022;12:22:30;0:01:56
Career;Career;Ops;ERD;PostgreSQL;22.04.2022;12:28:28;22.04.2022;12:33:00;0:04:32
Career;Career;Ops;ERD;PostgreSQL;22.04.2022;13:02:03;22.04.2022;13:42:06;0:40:03
Career;Career;Ops;ERD;PostgreSQL;22.04.2022;14:06:38;22.04.2022;14:18:44;0:12:06
Career;Career;Ops;ERD;PostgreSQL;22.04.2022;14:40:58;22.04.2022;14:57:01;0:16:03
Useful Skills;Tech;JavaScript Algorithms and Data Structures;Intermediate Algorithm Scripting;JavaScript;22.04.2022;14:57:24;22.04.2022;15:15:32;0:18:08
Career;Career;Ops;ERD;PostgreSQL;22.04.2022;15:15:34;22.04.2022;15:50:53;0:35:19
Career;Career;Ops;ERD;PostgreSQL;22.04.2022;15:58:51;22.04.2022;16:04:27;0:05:36
Useful Skills;Tech;JavaScript Algorithms and Data Structures;Intermediate Algorithm Scripting;JavaScript;22.04.2022;16:50:25;22.04.2022;16:55:26;0:05:01
Useful Skills;Tech;JavaScript Algorithms and Data Structures;Intermediate Algorithm Scripting;JavaScript;22.04.2022;17:08:11;22.04.2022;17:35:10;0:26:59
Useful Skills;Maintenance;Chores;Tile Cleaning;;23.04.2022;12:16:39;23.04.2022;15:00:39;2:44:00
Career;Career;Ops;ERD;GitHub;23.04.2022;15:49:06;23.04.2022;16:15:51;0:26:45
Useful Skills;Maintenance;Goal Setting;Planning;;23.04.2022;16:20:28;23.04.2022;16:26:31;0:06:03
Useful Skills;Tech;JavaScript Algorithms and Data Structures;Intermediate Algorithm Scripting;JavaScript;23.04.2022;16:26:31;23.04.2022;16:53:19;0:26:48
Useful Skills;Tech;JavaScript Algorithms and Data Structures;Intermediate Algorithm Scripting;JavaScript;24.04.2022;11:43:25;24.04.2022;12:06:27;0:23:02
Useful Skills;Maintenance;Goal Setting;Planning;;24.04.2022;12:06:51;24.04.2022;12:07:23;0:00:32
Useful Skills;Maintenance;Goal Setting;Alco Monitoring;;24.04.2022;12:08:09;24.04.2022;12:12:25;0:04:16
Useful Skills;Social;English Vocabulary in Use: Advanced;2;;24.04.2022;12:14:24;24.04.2022;12:58:25;0:44:01
Finance;Finance;Stock Market;Shares Transfer;;24.04.2022;13:30:35;24.04.2022;14:08:21;0:37:46